hour,queue_length,arrival_rate,total_pings,data_gap,dayofweek,hourofday
2021-10-01 00:00:00,39,39,1562,False,4,0
2021-10-01 01:00:00,38,0,1709,False,4,1
2021-10-01 02:00:00,39,1,1763,False,4,2
2021-10-01 03:00:00,38,0,1653,False,4,3
2021-10-01 04:00:00,38,1,1798,False,4,4
2021-10-01 05:00:00,39,1,1837,False,4,5
2021-10-01 06:00:00,39,2,1881,False,4,6
2021-10-01 07:00:00,39,1,1805,False,4,7
2021-10-01 08:00:00,39,1,1782,False,4,8
2021-10-01 09:00:00,40,5,1833,False,4,9
2021-10-01 10:00:00,41,4,610,False,4,10
2021-10-01 11:00:00,2,0,8,False,4,11
2021-10-01 12:00:00,40,5,1060,False,4,12
2021-10-01 13:00:00,43,7,1969,False,4,13
2021-10-01 14:00:00,42,3,1924,False,4,14
2021-10-01 15:00:00,43,4,2119,False,4,15
2021-10-01 16:00:00,41,0,2029,False,4,16
2021-10-01 17:00:00,40,1,1930,False,4,17
2021-10-01 18:00:00,44,3,2164,False,4,18
2021-10-01 19:00:00,44,5,2141,False,4,19
2021-10-01 20:00:00,46,4,2068,False,4,20
2021-10-01 21:00:00,45,1,2094,False,4,21
2021-10-01 22:00:00,44,2,2098,False,4,22
2021-10-01 23:00:00,44,4,2102,False,4,23
2021-10-02 00:00:00,44,1,2090,False,5,0
2021-10-02 01:00:00,44,3,1758,False,5,1
2021-10-02 02:00:00,45,1,1738,False,5,2
2021-10-02 03:00:00,43,2,1730,False,5,3
2021-10-02 04:00:00,40,0,1903,False,5,4
2021-10-02 05:00:00,43,3,1973,False,5,5
2021-10-02 06:00:00,43,2,2022,False,5,6
2021-10-02 07:00:00,43,3,1938,False,5,7
2021-10-02 08:00:00,45,3,1923,False,5,8
2021-10-02 09:00:00,42,1,1953,False,5,9
2021-10-02 10:00:00,43,3,2007,False,5,10
2021-10-02 11:00:00,42,1,2050,False,5,11
2021-10-02 12:00:00,44,3,2134,False,5,12
2021-10-02 13:00:00,43,0,1920,False,5,13
2021-10-02 14:00:00,42,2,1971,False,5,14
2021-10-02 15:00:00,41,0,1861,False,5,15
2021-10-02 16:00:00,41,0,1559,False,5,16
2021-10-02 17:00:00,41,1,1654,False,5,17
2021-10-02 18:00:00,41,1,1888,False,5,18
2021-10-02 19:00:00,40,0,2075,False,5,19
2021-10-02 20:00:00,40,1,2083,False,5,20
2021-10-02 21:00:00,41,2,2086,False,5,21
2021-10-02 22:00:00,45,9,2093,False,5,22
2021-10-02 23:00:00,46,6,2024,False,5,23
2021-10-03 00:00:00,42,0,1700,False,6,0
2021-10-03 01:00:00,44,1,1777,False,6,1
2021-10-03 02:00:00,46,2,2016,False,6,2
2021-10-03 03:00:00,45,1,1982,False,6,3
2021-10-03 04:00:00,44,0,1815,False,6,4
2021-10-03 05:00:00,43,0,1769,False,6,5
2021-10-03 06:00:00,43,2,1746,False,6,6
2021-10-03 07:00:00,43,0,1868,False,6,7
2021-10-03 08:00:00,44,1,1807,False,6,8
2021-10-03 09:00:00,45,1,1921,False,6,9
2021-10-03 10:00:00,46,2,1986,False,6,10
2021-10-03 11:00:00,46,2,1739,False,6,11
2021-10-03 12:00:00,44,1,1969,False,6,12
2021-10-03 13:00:00,46,3,2003,False,6,13
2021-10-03 14:00:00,46,0,1540,False,6,14
2021-10-03 15:00:00,47,3,1924,False,6,15
2021-10-03 16:00:00,47,5,1874,False,6,16
2021-10-03 17:00:00,46,3,1649,False,6,17
2021-10-03 18:00:00,44,2,2043,False,6,18
2021-10-03 19:00:00,47,5,2046,False,6,19
2021-10-03 20:00:00,46,4,2166,False,6,20
2021-10-03 21:00:00,47,5,2233,False,6,21
2021-10-03 22:00:00,47,2,2229,False,6,22
2021-10-03 23:00:00,46,3,2126,False,6,23
2021-10-04 00:00:00,43,0,1544,False,0,0
2021-10-04 01:00:00,44,2,1747,False,0,1
2021-10-04 02:00:00,45,2,1908,False,0,2
2021-10-04 03:00:00,47,2,1929,False,0,3
2021-10-04 04:00:00,44,1,1898,False,0,4
2021-10-04 05:00:00,44,1,1857,False,0,5
2021-10-04 06:00:00,44,1,1808,False,0,6
2021-10-04 07:00:00,45,8,1896,False,0,7
2021-10-04 08:00:00,45,3,1829,False,0,8
2021-10-04 09:00:00,43,2,1840,False,0,9
2021-10-04 10:00:00,42,1,1881,False,0,10
2021-10-04 11:00:00,43,2,1993,False,0,11
2021-10-04 12:00:00,45,6,2000,False,0,12
2021-10-04 13:00:00,47,6,2065,False,0,13
2021-10-04 14:00:00,45,3,2127,False,0,14
2021-10-04 15:00:00,44,1,1488,False,0,15
2021-10-04 16:00:00,44,0,2075,False,0,16
2021-10-04 17:00:00,45,2,1944,False,0,17
2021-10-04 18:00:00,47,2,2101,False,0,18
2021-10-04 19:00:00,48,1,2115,False,0,19
2021-10-04 20:00:00,47,1,2134,False,0,20
2021-10-04 21:00:00,47,0,2127,False,0,21
2021-10-04 22:00:00,45,1,2107,False,0,22
2021-10-04 23:00:00,45,3,2067,False,0,23
2021-10-05 00:00:00,46,1,1750,False,1,0
2021-10-05 01:00:00,47,3,2088,False,1,1
2021-10-05 02:00:00,47,0,2085,False,1,2
2021-10-05 03:00:00,48,4,2114,False,1,3
2021-10-05 04:00:00,49,1,2165,False,1,4
2021-10-05 05:00:00,49,2,2250,False,1,5
2021-10-05 06:00:00,49,5,2162,False,1,6
2021-10-05 07:00:00,46,0,1978,False,1,7
2021-10-05 08:00:00,47,2,2031,False,1,8
2021-10-05 09:00:00,46,0,2029,False,1,9
2021-10-05 10:00:00,48,4,2000,False,1,10
2021-10-05 11:00:00,48,2,2085,False,1,11
2021-10-05 12:00:00,49,4,2143,False,1,12
2021-10-05 13:00:00,51,2,2154,False,1,13
2021-10-05 14:00:00,50,1,1883,False,1,14
2021-10-05 15:00:00,48,2,1852,False,1,15
2021-10-05 16:00:00,47,1,1764,False,1,16
2021-10-05 17:00:00,44,2,1797,False,1,17
2021-10-05 18:00:00,47,3,1844,False,1,18
2021-10-05 19:00:00,50,6,2073,False,1,19
2021-10-05 20:00:00,50,4,2195,False,1,20
2021-10-05 21:00:00,49,6,2180,False,1,21
2021-10-05 22:00:00,46,1,2091,False,1,22
2021-10-05 23:00:00,45,3,2099,False,1,23
2021-10-06 00:00:00,44,1,1803,False,2,0
2021-10-06 01:00:00,43,3,1846,False,2,1
2021-10-06 02:00:00,42,1,1476,False,2,2
2021-10-06 03:00:00,42,2,2118,False,2,3
2021-10-06 04:00:00,44,5,1999,False,2,4
2021-10-06 05:00:00,45,2,2143,False,2,5
2021-10-06 06:00:00,48,8,2177,False,2,6
2021-10-06 07:00:00,46,8,2137,False,2,7
2021-10-06 08:00:00,44,2,2054,False,2,8
2021-10-06 09:00:00,41,1,2049,False,2,9
2021-10-06 10:00:00,42,1,2123,False,2,10
2021-10-06 11:00:00,44,4,2145,False,2,11
2021-10-06 12:00:00,45,4,2245,False,2,12
2021-10-06 13:00:00,46,1,2197,False,2,13
2021-10-06 14:00:00,44,3,1960,False,2,14
2021-10-06 15:00:00,44,2,1936,False,2,15
2021-10-06 16:00:00,42,0,1909,False,2,16
2021-10-06 17:00:00,42,0,1773,False,2,17
2021-10-06 18:00:00,41,1,1845,False,2,18
2021-10-06 19:00:00,44,3,1982,False,2,19
2021-10-06 20:00:00,44,2,1998,False,2,20
2021-10-06 21:00:00,45,4,2059,False,2,21
2021-10-06 22:00:00,45,4,2006,False,2,22
2021-10-06 23:00:00,46,3,2073,False,2,23
2021-10-07 00:00:00,46,2,1736,False,3,0
2021-10-07 01:00:00,47,6,1836,False,3,1
2021-10-07 02:00:00,44,2,1681,False,3,2
2021-10-07 03:00:00,45,3,1828,False,3,3
2021-10-07 04:00:00,45,3,1821,False,3,4
2021-10-07 05:00:00,45,2,1660,False,3,5
2021-10-07 06:00:00,47,11,2064,False,3,6
2021-10-07 07:00:00,46,3,2015,False,3,7
2021-10-07 08:00:00,45,1,1886,False,3,8
2021-10-07 09:00:00,44,2,1887,False,3,9
2021-10-07 10:00:00,43,2,1919,False,3,10
2021-10-07 11:00:00,42,3,1657,False,3,11
2021-10-07 12:00:00,43,6,1973,False,3,12
2021-10-07 13:00:00,44,3,2081,False,3,13
2021-10-07 14:00:00,42,3,2079,False,3,14
2021-10-07 15:00:00,43,3,1963,False,3,15
2021-10-07 16:00:00,42,3,2134,False,3,16
2021-10-07 17:00:00,44,5,2081,False,3,17
2021-10-07 18:00:00,46,4,2106,False,3,18
2021-10-07 19:00:00,45,3,2036,False,3,19
2021-10-07 20:00:00,45,2,2002,False,3,20
2021-10-07 21:00:00,42,1,1883,False,3,21
2021-10-07 22:00:00,43,1,1768,False,3,22
2021-10-07 23:00:00,44,2,1934,False,3,23
2021-10-08 00:00:00,26,0,61,False,4,0
2021-10-08 12:00:00,42,4,1740,False,4,12
2021-10-08 13:00:00,44,1,2117,False,4,13
2021-10-08 14:00:00,44,3,2185,False,4,14
2021-10-08 15:00:00,45,2,2194,False,4,15
2021-10-08 16:00:00,44,0,2199,False,4,16
2021-10-08 17:00:00,45,1,2163,False,4,17
2021-10-08 18:00:00,46,3,2155,False,4,18
2021-10-08 19:00:00,45,1,2099,False,4,19
2021-10-08 20:00:00,44,0,2121,False,4,20
2021-10-08 21:00:00,47,3,2124,False,4,21
2021-10-08 22:00:00,47,1,2179,False,4,22
2021-10-08 23:00:00,45,1,2140,False,4,23
2021-10-09 00:00:00,45,2,2144,False,5,0
2021-10-09 01:00:00,47,3,2239,False,5,1
2021-10-09 02:00:00,45,2,2169,False,5,2
2021-10-09 03:00:00,44,0,2097,False,5,3
2021-10-09 04:00:00,43,1,2041,False,5,4
2021-10-09 05:00:00,42,0,2052,False,5,5
2021-10-09 06:00:00,43,1,2025,False,5,6
2021-10-09 07:00:00,43,1,2019,False,5,7
2021-10-09 08:00:00,44,2,2055,False,5,8
2021-10-09 09:00:00,45,2,2110,False,5,9
2021-10-09 10:00:00,45,1,2118,False,5,10
2021-10-09 11:00:00,50,5,2277,False,5,11
2021-10-09 12:00:00,51,4,2326,False,5,12
2021-10-09 13:00:00,47,0,2179,False,5,13
2021-10-09 14:00:00,43,2,1990,False,5,14
2021-10-09 15:00:00,43,0,1917,False,5,15
2021-10-09 16:00:00,47,4,2150,False,5,16
2021-10-09 17:00:00,47,3,2238,False,5,17
2021-10-09 18:00:00,46,2,2225,False,5,18
2021-10-09 19:00:00,45,1,2203,False,5,19
2021-10-09 20:00:00,45,1,2201,False,5,20
2021-10-09 21:00:00,47,3,2257,False,5,21
2021-10-09 22:00:00,47,1,2262,False,5,22
2021-10-09 23:00:00,47,1,2197,False,5,23
2021-10-10 00:00:00,47,1,2007,False,6,0
2021-10-10 01:00:00,48,3,2148,False,6,1
2021-10-10 02:00:00,47,0,1891,False,6,2
2021-10-10 03:00:00,47,3,1985,False,6,3
2021-10-10 04:00:00,45,0,1892,False,6,4
2021-10-10 05:00:00,43,0,1859,False,6,5
2021-10-10 06:00:00,44,2,1970,False,6,6
2021-10-10 07:00:00,47,3,2037,False,6,7
2021-10-10 08:00:00,45,0,1849,False,6,8
2021-10-10 09:00:00,44,0,1861,False,6,9
2021-10-10 10:00:00,44,1,1965,False,6,10
2021-10-10 11:00:00,44,3,1898,False,6,11
2021-10-10 12:00:00,46,5,1768,False,6,12
2021-10-10 13:00:00,44,2,1945,False,6,13
2021-10-10 14:00:00,43,3,1973,False,6,14
2021-10-10 15:00:00,42,1,2111,False,6,15
2021-10-10 16:00:00,42,2,2047,False,6,16
2021-10-10 17:00:00,47,6,2253,False,6,17
2021-10-10 18:00:00,48,7,2189,False,6,18
2021-10-10 19:00:00,48,9,2258,False,6,19
2021-10-10 20:00:00,45,2,2248,False,6,20
2021-10-10 21:00:00,44,1,2145,False,6,21
2021-10-10 22:00:00,44,4,2154,False,6,22
2021-10-10 23:00:00,49,7,2248,False,6,23
2021-10-11 00:00:00,47,3,2036,False,0,0
2021-10-11 01:00:00,45,2,2160,False,0,1
2021-10-11 02:00:00,46,4,2126,False,0,2
2021-10-11 03:00:00,46,0,2148,False,0,3
2021-10-11 04:00:00,48,5,2165,False,0,4
2021-10-11 05:00:00,46,0,2130,False,0,5
2021-10-11 06:00:00,43,0,2026,False,0,6
2021-10-11 07:00:00,43,0,2019,False,0,7
2021-10-11 08:00:00,43,0,2066,False,0,8
2021-10-11 09:00:00,44,2,2182,False,0,9
2021-10-11 10:00:00,45,1,2198,False,0,10
2021-10-11 11:00:00,45,4,2252,False,0,11
2021-10-11 12:00:00,42,1,2208,False,0,12
2021-10-11 13:00:00,40,2,2188,False,0,13
2021-10-11 14:00:00,40,0,2155,False,0,14
2021-10-11 15:00:00,36,0,2055,False,0,15
2021-10-11 16:00:00,38,2,2101,False,0,16
2021-10-11 17:00:00,38,0,2090,False,0,17
2021-10-11 18:00:00,40,3,2077,False,0,18
2021-10-11 19:00:00,40,3,2104,False,0,19
2021-10-11 20:00:00,40,2,2145,False,0,20
2021-10-11 21:00:00,38,1,2073,False,0,21
2021-10-11 22:00:00,40,5,2088,False,0,22
2021-10-11 23:00:00,41,4,2081,False,0,23
2021-10-12 00:00:00,36,3,2070,False,1,0
2021-10-12 01:00:00,35,0,2129,False,1,1
2021-10-12 02:00:00,39,6,2174,False,1,2
2021-10-12 03:00:00,34,2,1918,False,1,3
2021-10-12 04:00:00,28,0,1784,False,1,4
2021-10-12 05:00:00,29,2,1737,False,1,5
2021-10-12 06:00:00,29,1,1719,False,1,6
2021-10-12 07:00:00,30,2,1745,False,1,7
2021-10-12 08:00:00,29,1,1731,False,1,8
2021-10-12 09:00:00,29,1,1812,False,1,9
2021-10-12 10:00:00,29,2,1838,False,1,10
2021-10-12 11:00:00,32,5,2000,False,1,11
2021-10-12 12:00:00,34,3,1960,False,1,12
2021-10-12 13:00:00,30,2,1867,False,1,13
2021-10-12 14:00:00,32,4,1945,False,1,14
2021-10-12 15:00:00,38,6,2126,False,1,15
2021-10-12 16:00:00,38,2,2099,False,1,16
2021-10-12 17:00:00,39,3,2038,False,1,17
2021-10-12 18:00:00,40,2,2022,False,1,18
2021-10-12 19:00:00,42,5,2159,False,1,19
2021-10-12 20:00:00,44,4,2283,False,1,20
2021-10-12 21:00:00,42,2,2269,False,1,21
2021-10-12 22:00:00,42,2,2275,False,1,22
2021-10-12 23:00:00,42,3,2218,False,1,23
2021-10-13 00:00:00,43,4,2142,False,2,0
2021-10-13 01:00:00,45,1,2105,False,2,1
2021-10-13 02:00:00,44,1,1972,False,2,2
2021-10-13 03:00:00,44,2,1954,False,2,3
2021-10-13 04:00:00,42,0,1995,False,2,4
2021-10-13 05:00:00,43,1,2015,False,2,5
2021-10-13 06:00:00,43,1,1968,False,2,6
2021-10-13 07:00:00,42,0,1903,False,2,7
2021-10-13 08:00:00,42,0,1852,False,2,8
2021-10-13 09:00:00,41,0,1944,False,2,9
2021-10-13 10:00:00,41,0,1935,False,2,10
2021-10-13 11:00:00,42,3,1981,False,2,11
2021-10-13 12:00:00,43,2,2026,False,2,12
2021-10-13 13:00:00,49,5,2186,False,2,13
2021-10-13 14:00:00,45,0,2100,False,2,14
2021-10-13 15:00:00,44,0,1889,False,2,15
2021-10-13 16:00:00,45,3,2006,False,2,16
2021-10-13 17:00:00,44,0,1930,False,2,17
2021-10-13 18:00:00,44,1,2041,False,2,18
2021-10-13 19:00:00,43,0,516,False,2,19
2021-10-13 20:00:00,2,0,7,False,2,20
2021-10-13 21:00:00,4,0,13,False,2,21
2021-10-13 22:00:00,2,1,6,False,2,22
2021-10-13 23:00:00,4,0,7,False,2,23
2021-10-14 12:00:00,39,5,768,False,3,12
2021-10-14 13:00:00,40,1,1936,False,3,13
2021-10-14 14:00:00,37,1,1942,False,3,14
2021-10-14 15:00:00,37,3,1859,False,3,15
2021-10-14 16:00:00,38,1,1831,False,3,16
2021-10-14 17:00:00,37,0,1804,False,3,17
2021-10-14 18:00:00,40,2,1807,False,3,18
2021-10-14 19:00:00,41,3,2003,False,3,19
2021-10-14 20:00:00,40,2,2060,False,3,20
2021-10-14 21:00:00,42,3,2115,False,3,21
2021-10-14 22:00:00,41,0,1935,False,3,22
2021-10-14 23:00:00,39,2,1887,False,3,23
2021-10-15 00:00:00,39,0,1732,False,4,0
2021-10-15 01:00:00,37,0,1612,False,4,1
2021-10-15 02:00:00,40,3,1671,False,4,2
2021-10-15 03:00:00,39,1,1730,False,4,3
2021-10-15 04:00:00,38,0,1690,False,4,4
2021-10-15 05:00:00,41,3,1809,False,4,5
2021-10-15 06:00:00,42,1,1938,False,4,6
2021-10-15 07:00:00,42,4,1889,False,4,7
2021-10-15 08:00:00,42,2,1793,False,4,8
2021-10-15 09:00:00,40,0,1701,False,4,9
2021-10-15 10:00:00,39,1,1590,False,4,10
2021-10-15 11:00:00,41,3,1793,False,4,11
2021-10-15 12:00:00,42,3,1953,False,4,12
2021-10-15 13:00:00,43,5,2001,False,4,13
2021-10-15 14:00:00,44,3,2049,False,4,14
2021-10-15 15:00:00,41,1,1990,False,4,15
2021-10-15 16:00:00,43,4,1964,False,4,16
2021-10-15 17:00:00,44,8,1966,False,4,17
2021-10-15 18:00:00,41,1,1896,False,4,18
2021-10-15 19:00:00,41,2,2014,False,4,19
2021-10-15 20:00:00,42,3,2071,False,4,20
2021-10-15 21:00:00,41,0,1974,False,4,21
2021-10-15 22:00:00,40,3,1925,False,4,22
2021-10-15 23:00:00,40,2,1974,False,4,23
2021-10-16 00:00:00,40,1,1980,False,5,0
2021-10-16 01:00:00,41,2,2014,False,5,1
2021-10-16 02:00:00,43,2,2065,False,5,2
2021-10-16 03:00:00,43,3,2020,False,5,3
2021-10-16 04:00:00,42,1,1911,False,5,4
2021-10-16 05:00:00,42,1,1918,False,5,5
2021-10-16 06:00:00,41,1,1879,False,5,6
2021-10-16 07:00:00,41,2,1832,False,5,7
2021-10-16 08:00:00,41,0,1868,False,5,8
2021-10-16 09:00:00,41,0,1880,False,5,9
2021-10-16 10:00:00,41,1,1945,False,5,10
2021-10-16 11:00:00,43,1,2064,False,5,11
2021-10-16 12:00:00,43,2,2071,False,5,12
2021-10-16 13:00:00,44,3,1979,False,5,13
2021-10-16 14:00:00,42,0,1871,False,5,14
2021-10-16 15:00:00,43,1,1833,False,5,15
2021-10-16 16:00:00,41,2,1907,False,5,16
2021-10-16 17:00:00,41,0,1926,False,5,17
2021-10-16 18:00:00,43,3,1924,False,5,18
2021-10-16 19:00:00,42,1,2079,False,5,19
2021-10-16 20:00:00,45,3,2143,False,5,20
2021-10-16 21:00:00,44,3,2100,False,5,21
2021-10-16 22:00:00,41,2,2078,False,5,22
2021-10-16 23:00:00,42,2,2046,False,5,23
2021-10-17 00:00:00,41,1,1949,False,6,0
2021-10-17 01:00:00,41,2,1968,False,6,1
2021-10-17 02:00:00,41,1,1702,False,6,2
2021-10-17 03:00:00,41,1,1800,False,6,3
2021-10-17 04:00:00,39,0,1834,False,6,4
2021-10-17 05:00:00,40,0,1834,False,6,5
2021-10-17 06:00:00,39,0,1822,False,6,6
2021-10-17 07:00:00,41,2,1861,False,6,7
2021-10-17 08:00:00,43,9,1839,False,6,8
2021-10-17 09:00:00,40,2,1920,False,6,9
2021-10-17 10:00:00,42,3,1922,False,6,10
2021-10-17 11:00:00,44,6,2065,False,6,11
2021-10-17 12:00:00,42,3,2052,False,6,12
2021-10-17 13:00:00,43,3,2111,False,6,13
2021-10-17 14:00:00,43,3,2076,False,6,14
2021-10-17 15:00:00,44,1,1954,False,6,15
2021-10-17 16:00:00,44,1,2065,False,6,16
2021-10-17 17:00:00,43,3,1886,False,6,17
2021-10-17 18:00:00,43,3,2178,False,6,18
2021-10-17 19:00:00,42,1,2234,False,6,19
2021-10-17 20:00:00,43,6,2168,False,6,20
2021-10-17 21:00:00,45,3,2211,False,6,21
2021-10-17 22:00:00,47,5,2238,False,6,22
2021-10-17 23:00:00,47,3,2213,False,6,23
2021-10-18 00:00:00,48,7,2245,False,0,0
2021-10-18 01:00:00,48,0,1896,False,0,1
2021-10-18 02:00:00,48,5,2038,False,0,2
2021-10-18 03:00:00,46,1,1967,False,0,3
2021-10-18 04:00:00,45,2,1833,False,0,4
2021-10-18 05:00:00,44,1,1905,False,0,5
2021-10-18 06:00:00,44,1,1882,False,0,6
2021-10-18 07:00:00,45,3,1958,False,0,7
2021-10-18 08:00:00,45,0,2015,False,0,8
2021-10-18 09:00:00,43,2,1956,False,0,9
2021-10-18 10:00:00,42,1,1958,False,0,10
2021-10-18 11:00:00,44,3,2128,False,0,11
2021-10-18 12:00:00,43,2,2216,False,0,12
2021-10-18 13:00:00,45,3,2211,False,0,13
2021-10-18 14:00:00,44,3,2206,False,0,14
2021-10-18 15:00:00,47,5,2185,False,0,15
2021-10-18 16:00:00,46,1,2025,False,0,16
2021-10-18 17:00:00,47,4,2096,False,0,17
2021-10-18 18:00:00,47,2,2166,False,0,18
2021-10-18 19:00:00,46,2,2113,False,0,19
2021-10-18 20:00:00,46,3,2053,False,0,20
2021-10-18 21:00:00,47,4,2130,False,0,21
2021-10-18 22:00:00,49,3,2235,False,0,22
2021-10-18 23:00:00,49,3,2254,False,0,23
2021-10-19 00:00:00,48,4,2271,False,1,0
2021-10-19 01:00:00,50,4,2378,False,1,1
2021-10-19 02:00:00,45,0,2102,False,1,2
2021-10-19 03:00:00,45,2,1971,False,1,3
2021-10-19 04:00:00,43,1,1972,False,1,4
2021-10-19 05:00:00,44,3,2052,False,1,5
2021-10-19 06:00:00,42,1,2018,False,1,6
2021-10-19 07:00:00,40,1,1873,False,1,7
2021-10-19 08:00:00,39,1,1845,False,1,8
2021-10-19 09:00:00,39,1,1899,False,1,9
2021-10-19 10:00:00,40,2,1978,False,1,10
2021-10-19 11:00:00,44,4,2115,False,1,11
2021-10-19 12:00:00,44,4,2236,False,1,12
2021-10-19 13:00:00,44,3,2177,False,1,13
2021-10-19 14:00:00,39,0,228,False,1,14
2021-10-19 15:00:00,40,1,1179,False,1,15
2021-10-19 16:00:00,41,1,2102,False,1,16
2021-10-19 17:00:00,42,1,2148,False,1,17
2021-10-19 18:00:00,44,3,2104,False,1,18
2021-10-19 19:00:00,43,2,2159,False,1,19
2021-10-19 20:00:00,44,3,2142,False,1,20
2021-10-19 21:00:00,43,0,2152,False,1,21
2021-10-19 22:00:00,44,2,2147,False,1,22
2021-10-19 23:00:00,47,6,2302,False,1,23
2021-10-20 00:00:00,45,2,2236,False,2,0
2021-10-20 01:00:00,40,0,2064,False,2,1
2021-10-20 02:00:00,41,3,2011,False,2,2
2021-10-20 03:00:00,41,0,1990,False,2,3
2021-10-20 04:00:00,39,0,1971,False,2,4
2021-10-20 05:00:00,40,1,2005,False,2,5
2021-10-20 06:00:00,39,2,2047,False,2,6
2021-10-20 07:00:00,40,2,2097,False,2,7
2021-10-20 08:00:00,42,2,2121,False,2,8
2021-10-20 09:00:00,40,0,2189,False,2,9
2021-10-20 10:00:00,43,4,2288,False,2,10
2021-10-20 11:00:00,43,2,2289,False,2,11
2021-10-20 12:00:00,42,2,2137,False,2,12
2021-10-20 13:00:00,43,3,2067,False,2,13
2021-10-20 14:00:00,40,0,2071,False,2,14
2021-10-20 15:00:00,39,0,1911,False,2,15
2021-10-20 16:00:00,40,1,1917,False,2,16
2021-10-20 17:00:00,39,0,1872,False,2,17
2021-10-20 18:00:00,40,2,2054,False,2,18
2021-10-20 19:00:00,43,4,2129,False,2,19
2021-10-20 20:00:00,42,1,2035,False,2,20
2021-10-20 21:00:00,41,2,1973,False,2,21
2021-10-20 22:00:00,42,1,2003,False,2,22
2021-10-20 23:00:00,41,5,2049,False,2,23
2021-10-21 00:00:00,41,2,1937,False,3,0
2021-10-21 01:00:00,41,2,1848,False,3,1
2021-10-21 02:00:00,41,1,1866,False,3,2
2021-10-21 03:00:00,41,2,1888,False,3,3
2021-10-21 04:00:00,42,2,1974,False,3,4
2021-10-21 05:00:00,39,2,1673,False,3,5
2021-10-21 06:00:00,40,3,1938,False,3,6
2021-10-21 07:00:00,39,1,1852,False,3,7
2021-10-21 08:00:00,38,4,1880,False,3,8
2021-10-21 09:00:00,40,3,1891,False,3,9
2021-10-21 10:00:00,43,3,1983,False,3,10
2021-10-21 11:00:00,42,2,2109,False,3,11
2021-10-21 12:00:00,43,2,2138,False,3,12
2021-10-21 13:00:00,44,4,2188,False,3,13
2021-10-21 14:00:00,43,1,2127,False,3,14
2021-10-21 15:00:00,42,2,1825,False,3,15
2021-10-21 16:00:00,40,1,2029,False,3,16
2021-10-21 17:00:00,41,1,1917,False,3,17
2021-10-21 18:00:00,42,2,1994,False,3,18
2021-10-21 19:00:00,42,1,2054,False,3,19
2021-10-21 20:00:00,41,1,2030,False,3,20
2021-10-21 21:00:00,42,1,2146,False,3,21
2021-10-21 22:00:00,43,1,2111,False,3,22
2021-10-21 23:00:00,45,4,2282,False,3,23
2021-10-22 00:00:00,42,0,1838,False,4,0
2021-10-22 01:00:00,41,1,1931,False,4,1
2021-10-22 02:00:00,41,1,1809,False,4,2
2021-10-22 03:00:00,42,1,1890,False,4,3
2021-10-22 04:00:00,42,1,2012,False,4,4
2021-10-22 05:00:00,44,2,2064,False,4,5
2021-10-22 06:00:00,43,3,2115,False,4,6
2021-10-22 07:00:00,42,1,2048,False,4,7
2021-10-22 08:00:00,40,0,1877,False,4,8
2021-10-22 09:00:00,43,4,1931,False,4,9
2021-10-22 10:00:00,45,4,2086,False,4,10
2021-10-22 11:00:00,44,3,2144,False,4,11
2021-10-22 12:00:00,50,9,2394,False,4,12
2021-10-22 13:00:00,45,5,2229,False,4,13
2021-10-22 14:00:00,41,1,2043,False,4,14
2021-10-22 15:00:00,41,2,1865,False,4,15
2021-10-22 16:00:00,41,2,2013,False,4,16
2021-10-22 17:00:00,44,3,1968,False,4,17
2021-10-22 18:00:00,38,0,1839,False,4,18
2021-10-22 19:00:00,38,1,1868,False,4,19
2021-10-22 20:00:00,42,4,2034,False,4,20
2021-10-22 21:00:00,43,2,2041,False,4,21
2021-10-22 22:00:00,43,0,2023,False,4,22
2021-10-22 23:00:00,44,5,2094,False,4,23
2021-10-23 00:00:00,44,1,2078,False,5,0
2021-10-23 01:00:00,44,4,2132,False,5,1
2021-10-23 02:00:00,44,1,2101,False,5,2
2021-10-23 03:00:00,43,1,2088,False,5,3
2021-10-23 04:00:00,42,2,1806,False,5,4
2021-10-23 05:00:00,41,1,1715,False,5,5
2021-10-23 06:00:00,41,0,1808,False,5,6
2021-10-23 07:00:00,42,2,1916,False,5,7
2021-10-23 08:00:00,40,0,1731,False,5,8
2021-10-23 09:00:00,40,0,1866,False,5,9
2021-10-23 10:00:00,41,1,1960,False,5,10
2021-10-23 11:00:00,42,3,2032,False,5,11
2021-10-23 12:00:00,46,7,2078,False,5,12
2021-10-23 13:00:00,48,3,1994,False,5,13
2021-10-23 14:00:00,45,4,1949,False,5,14
2021-10-23 15:00:00,44,2,1332,False,5,15
2021-10-23 16:00:00,41,2,2040,False,5,16
2021-10-23 17:00:00,43,2,1991,False,5,17
2021-10-23 18:00:00,44,2,2090,False,5,18
2021-10-23 19:00:00,43,0,2100,False,5,19
2021-10-23 20:00:00,42,1,1956,False,5,20
2021-10-23 21:00:00,42,1,2049,False,5,21
2021-10-23 22:00:00,42,1,1987,False,5,22
2021-10-23 23:00:00,43,2,1987,False,5,23
2021-10-24 00:00:00,46,4,2131,False,6,0
2021-10-24 01:00:00,45,0,2080,False,6,1
2021-10-24 02:00:00,43,3,1951,False,6,2
2021-10-24 03:00:00,45,3,1891,False,6,3
2021-10-24 04:00:00,43,0,2025,False,6,4
2021-10-24 05:00:00,41,1,1840,False,6,5
2021-10-24 06:00:00,40,0,1834,False,6,6
2021-10-24 07:00:00,41,1,1861,False,6,7
2021-10-24 08:00:00,41,2,1842,False,6,8
2021-10-24 09:00:00,42,2,1955,False,6,9
2021-10-24 10:00:00,43,1,1991,False,6,10
2021-10-24 11:00:00,44,5,2019,False,6,11
2021-10-24 12:00:00,43,2,2037,False,6,12
2021-10-24 13:00:00,40,0,1891,False,6,13
2021-10-24 14:00:00,40,2,1869,False,6,14
2021-10-24 15:00:00,40,0,1897,False,6,15
2021-10-24 16:00:00,40,1,1928,False,6,16
2021-10-24 17:00:00,43,3,1973,False,6,17
2021-10-24 18:00:00,43,0,2012,False,6,18
2021-10-24 19:00:00,41,1,1944,False,6,19
2021-10-24 20:00:00,41,2,1998,False,6,20
2021-10-24 21:00:00,42,2,2089,False,6,21
2021-10-24 22:00:00,43,5,2202,False,6,22
2021-10-24 23:00:00,44,3,2296,False,6,23
2021-10-25 00:00:00,44,1,2187,False,0,0
2021-10-25 01:00:00,43,1,2083,False,0,1
2021-10-25 02:00:00,40,0,2111,False,0,2
2021-10-25 03:00:00,42,3,2082,False,0,3
2021-10-25 04:00:00,43,2,2087,False,0,4
2021-10-25 05:00:00,42,1,2079,False,0,5
2021-10-25 06:00:00,43,2,2020,False,0,6
2021-10-25 07:00:00,42,0,2071,False,0,7
2021-10-25 08:00:00,42,1,2095,False,0,8
2021-10-25 09:00:00,43,1,2114,False,0,9
2021-10-25 10:00:00,43,1,2154,False,0,10
2021-10-25 11:00:00,46,5,2183,False,0,11
2021-10-25 12:00:00,47,2,2229,False,0,12
2021-10-25 13:00:00,44,3,2235,False,0,13
2021-10-25 14:00:00,44,3,2184,False,0,14
2021-10-25 15:00:00,42,1,2173,False,0,15
2021-10-25 16:00:00,41,0,2165,False,0,16
2021-10-25 17:00:00,40,0,2184,False,0,17
2021-10-25 18:00:00,40,2,2146,False,0,18
2021-10-25 19:00:00,40,0,2077,False,0,19
2021-10-25 20:00:00,42,3,2034,False,0,20
2021-10-25 21:00:00,43,3,2011,False,0,21
2021-10-25 22:00:00,42,1,1974,False,0,22
2021-10-25 23:00:00,43,3,1985,False,0,23
2021-10-26 00:00:00,43,2,1980,False,1,0
2021-10-26 01:00:00,42,1,1878,False,1,1
2021-10-26 02:00:00,38,0,1848,False,1,2
2021-10-26 03:00:00,39,1,1830,False,1,3
2021-10-26 04:00:00,39,0,1849,False,1,4
2021-10-26 05:00:00,39,1,1831,False,1,5
2021-10-26 06:00:00,40,1,1938,False,1,6
2021-10-26 07:00:00,39,0,1915,False,1,7
2021-10-26 08:00:00,39,2,1874,False,1,8
2021-10-26 09:00:00,39,0,1878,False,1,9
2021-10-26 10:00:00,40,2,1794,False,1,10
2021-10-26 11:00:00,41,1,1948,False,1,11
2021-10-26 12:00:00,44,4,2009,False,1,12
2021-10-26 13:00:00,43,1,1970,False,1,13
2021-10-26 14:00:00,42,4,1928,False,1,14
2021-10-26 15:00:00,42,2,1961,False,1,15
2021-10-26 16:00:00,41,2,1964,False,1,16
2021-10-26 17:00:00,40,1,1952,False,1,17
2021-10-26 18:00:00,40,2,1992,False,1,18
2021-10-26 19:00:00,39,2,2030,False,1,19
2021-10-26 20:00:00,39,1,1955,False,1,20
2021-10-26 21:00:00,41,4,2055,False,1,21
2021-10-26 22:00:00,40,4,2014,False,1,22
2021-10-26 23:00:00,38,0,1872,False,1,23
2021-10-27 00:00:00,39,2,1855,False,2,0
2021-10-27 01:00:00,44,6,1977,False,2,1
2021-10-27 02:00:00,44,2,2049,False,2,2
2021-10-27 03:00:00,42,1,1906,False,2,3
2021-10-27 04:00:00,40,1,1755,False,2,4
2021-10-27 05:00:00,41,3,1814,False,2,5
2021-10-27 06:00:00,40,0,1730,False,2,6
2021-10-27 07:00:00,38,0,1667,False,2,7
2021-10-27 08:00:00,38,0,1662,False,2,8
2021-10-27 09:00:00,37,0,1684,False,2,9
2021-10-27 10:00:00,39,3,1834,False,2,10
2021-10-27 11:00:00,41,3,2036,False,2,11
2021-10-27 12:00:00,43,5,2059,False,2,12
2021-10-27 13:00:00,43,4,1862,False,2,13
2021-10-27 14:00:00,41,6,1821,False,2,14
2021-10-27 15:00:00,39,0,1560,False,2,15
2021-10-27 16:00:00,37,1,1456,False,2,16
2021-10-27 17:00:00,37,1,1710,False,2,17
2021-10-27 18:00:00,37,0,1688,False,2,18
2021-10-27 19:00:00,37,1,1657,False,2,19
2021-10-27 20:00:00,37,0,1643,False,2,20
2021-10-27 21:00:00,41,7,1742,False,2,21
2021-10-27 22:00:00,38,2,1738,False,2,22
2021-10-27 23:00:00,39,2,1749,False,2,23
2021-10-28 00:00:00,40,1,1749,False,3,0
2021-10-28 01:00:00,41,3,1796,False,3,1
2021-10-28 02:00:00,40,1,1697,False,3,2
2021-10-28 03:00:00,39,1,1498,False,3,3
2021-10-28 04:00:00,38,0,1472,False,3,4
2021-10-28 05:00:00,37,0,1315,False,3,5
2021-10-28 06:00:00,41,3,1597,False,3,6
2021-10-28 07:00:00,41,1,1750,False,3,7
2021-10-28 08:00:00,42,2,1830,False,3,8
2021-10-28 09:00:00,39,1,1701,False,3,9
2021-10-28 10:00:00,39,0,1704,False,3,10
2021-10-28 11:00:00,42,5,1840,False,3,11
2021-10-28 12:00:00,43,1,1876,False,3,12
2021-10-28 13:00:00,38,0,1735,False,3,13
2021-10-28 14:00:00,38,2,1707,False,3,14
2021-10-28 15:00:00,39,2,1630,False,3,15
2021-10-28 16:00:00,38,2,1594,False,3,16
2021-10-28 17:00:00,38,2,1600,False,3,17
2021-10-28 18:00:00,38,1,1569,False,3,18
2021-10-28 19:00:00,38,2,1731,False,3,19
2021-10-28 20:00:00,39,2,1750,False,3,20
2021-10-28 21:00:00,38,2,1707,False,3,21
2021-10-28 22:00:00,40,2,1834,False,3,22
2021-10-28 23:00:00,39,2,1855,False,3,23
2021-10-29 00:00:00,39,4,1707,False,4,0
2021-10-29 01:00:00,41,6,1804,False,4,1
2021-10-29 02:00:00,39,1,1733,False,4,2
2021-10-29 03:00:00,36,0,1717,False,4,3
2021-10-29 04:00:00,35,0,1726,False,4,4
2021-10-29 05:00:00,36,1,1724,False,4,5
2021-10-29 06:00:00,37,4,1756,False,4,6
2021-10-29 07:00:00,36,1,1710,False,4,7
2021-10-29 08:00:00,35,0,1654,False,4,8
2021-10-29 09:00:00,35,0,1669,False,4,9
2021-10-29 10:00:00,37,2,1761,False,4,10
2021-10-29 11:00:00,40,4,1956,False,4,11
2021-10-29 12:00:00,41,2,2033,False,4,12
2021-10-29 13:00:00,35,2,1888,False,4,13
2021-10-29 14:00:00,35,3,1902,False,4,14
2021-10-29 15:00:00,34,2,1831,False,4,15
2021-10-29 16:00:00,36,2,1801,False,4,16
2021-10-29 17:00:00,36,1,1700,False,4,17
2021-10-29 18:00:00,35,0,1681,False,4,18
2021-10-29 19:00:00,34,0,1687,False,4,19
2021-10-29 20:00:00,35,1,1697,False,4,20
2021-10-29 21:00:00,38,3,1774,False,4,21
2021-10-29 22:00:00,38,1,1696,False,4,22
2021-10-29 23:00:00,37,1,1774,False,4,23
2021-10-30 00:00:00,36,1,1409,False,5,0
2021-10-30 01:00:00,39,3,1760,False,5,1
2021-10-30 02:00:00,42,7,1789,False,5,2
2021-10-30 03:00:00,41,2,1838,False,5,3
2021-10-30 04:00:00,38,1,1725,False,5,4
2021-10-30 05:00:00,37,1,1611,False,5,5
2021-10-30 06:00:00,39,4,1714,False,5,6
2021-10-30 07:00:00,37,2,1721,False,5,7
2021-10-30 08:00:00,37,1,1590,False,5,8
2021-10-30 09:00:00,35,0,1658,False,5,9
2021-10-30 10:00:00,36,1,1686,False,5,10
2021-10-30 11:00:00,38,3,1827,False,5,11
2021-10-30 12:00:00,40,3,1739,False,5,12
2021-10-30 13:00:00,42,3,1717,False,5,13
2021-10-30 14:00:00,40,3,1745,False,5,14
2021-10-30 15:00:00,35,0,1662,False,5,15
2021-10-30 16:00:00,35,1,1596,False,5,16
2021-10-30 17:00:00,36,2,1744,False,5,17
2021-10-30 18:00:00,42,7,1897,False,5,18
2021-10-30 19:00:00,44,4,1882,False,5,19
2021-10-30 20:00:00,37,1,1791,False,5,20
2021-10-30 21:00:00,37,2,1838,False,5,21
2021-10-30 22:00:00,38,2,1886,False,5,22
2021-10-30 23:00:00,37,0,1858,False,5,23
2021-10-31 00:00:00,36,1,1611,False,6,0
2021-10-31 01:00:00,37,1,1673,False,6,1
2021-10-31 02:00:00,39,3,1733,False,6,2
2021-10-31 03:00:00,39,3,1847,False,6,3
2021-10-31 04:00:00,38,0,1663,False,6,4
2021-10-31 05:00:00,37,1,1622,False,6,5
2021-10-31 06:00:00,41,4,1609,False,6,6
2021-10-31 07:00:00,40,3,1725,False,6,7
2021-10-31 08:00:00,38,1,1730,False,6,8
2021-10-31 09:00:00,38,1,1736,False,6,9
2021-10-31 10:00:00,43,7,1837,False,6,10
2021-10-31 11:00:00,42,2,1771,False,6,11
2021-10-31 12:00:00,44,6,2034,False,6,12
2021-10-31 13:00:00,42,2,1656,False,6,13
2021-10-31 14:00:00,39,3,1806,False,6,14
2021-10-31 15:00:00,39,4,1736,False,6,15
2021-10-31 16:00:00,37,1,1674,False,6,16
2021-10-31 17:00:00,41,6,1597,False,6,17
2021-10-31 18:00:00,38,1,1666,False,6,18
2021-10-31 19:00:00,35,2,1689,False,6,19
2021-10-31 20:00:00,37,2,1766,False,6,20
2021-10-31 21:00:00,39,4,1787,False,6,21
2021-10-31 22:00:00,40,2,1710,False,6,22
2021-10-31 23:00:00,40,1,1766,False,6,23
2021-11-01 00:00:00,41,1,1772,False,0,0
2021-11-01 01:00:00,44,6,1878,False,0,1
2021-11-01 02:00:00,44,3,1903,False,0,2
2021-11-01 03:00:00,43,0,1845,False,0,3
2021-11-01 04:00:00,42,1,1806,False,0,4
2021-11-01 05:00:00,42,0,1653,False,0,5
2021-11-01 06:00:00,42,1,1829,False,0,6
2021-11-01 07:00:00,45,3,1900,False,0,7
2021-11-01 08:00:00,44,0,1870,False,0,8
2021-11-01 09:00:00,44,3,1859,False,0,9
2021-11-01 10:00:00,44,2,1832,False,0,10
2021-11-01 11:00:00,46,4,1809,False,0,11
2021-11-01 12:00:00,50,9,2026,False,0,12
2021-11-01 13:00:00,47,3,2034,False,0,13
2021-11-01 14:00:00,45,2,1071,False,0,14
2021-11-01 15:00:00,42,1,1659,False,0,15
2021-11-01 16:00:00,43,3,1652,False,0,16
2021-11-01 17:00:00,43,1,1820,False,0,17
2021-11-01 18:00:00,42,2,1702,False,0,18
2021-11-01 19:00:00,39,0,1746,False,0,19
2021-11-01 20:00:00,41,2,1731,False,0,20
2021-11-01 21:00:00,42,2,1753,False,0,21
2021-11-01 22:00:00,43,1,1788,False,0,22
2021-11-01 23:00:00,42,2,1919,False,0,23
2021-11-02 00:00:00,45,3,1979,False,1,0
2021-11-02 01:00:00,44,1,1891,False,1,1
2021-11-02 02:00:00,42,1,1833,False,1,2
2021-11-02 03:00:00,43,4,1874,False,1,3
2021-11-02 04:00:00,45,3,1749,False,1,4
2021-11-02 05:00:00,43,3,1709,False,1,5
2021-11-02 06:00:00,42,1,1752,False,1,6
2021-11-02 07:00:00,41,2,1731,False,1,7
2021-11-02 08:00:00,40,1,1707,False,1,8
2021-11-02 09:00:00,41,2,1142,False,1,9
2021-11-02 10:00:00,40,0,1683,False,1,10
2021-11-02 11:00:00,40,2,1620,False,1,11
2021-11-02 12:00:00,40,1,1633,False,1,12
2021-11-02 13:00:00,39,1,1544,False,1,13
2021-11-02 14:00:00,38,0,1566,False,1,14
2021-11-02 15:00:00,38,1,1578,False,1,15
2021-11-02 16:00:00,38,0,1551,False,1,16
2021-11-02 17:00:00,38,0,1577,False,1,17
2021-11-02 18:00:00,37,0,1527,False,1,18
2021-11-02 19:00:00,37,0,1564,False,1,19
2021-11-02 20:00:00,38,1,1589,False,1,20
2021-11-02 21:00:00,36,0,1609,False,1,21
2021-11-02 22:00:00,38,4,1669,False,1,22
2021-11-02 23:00:00,40,2,1675,False,1,23
2021-11-03 00:00:00,39,1,1609,False,2,0
2021-11-03 01:00:00,40,2,1618,False,2,1
2021-11-03 02:00:00,41,2,1656,False,2,2
2021-11-03 03:00:00,41,0,1646,False,2,3
2021-11-03 04:00:00,38,0,1560,False,2,4
2021-11-03 05:00:00,39,2,1606,False,2,5
2021-11-03 06:00:00,39,1,1589,False,2,6
2021-11-03 07:00:00,38,0,1654,False,2,7
2021-11-03 08:00:00,36,0,1529,False,2,8
2021-11-03 09:00:00,36,0,1627,False,2,9
2021-11-03 10:00:00,37,3,1762,False,2,10
2021-11-03 11:00:00,41,5,1947,False,2,11
2021-11-03 12:00:00,41,3,1881,False,2,12
2021-11-03 13:00:00,36,1,1461,False,2,13
2021-11-03 14:00:00,36,2,1793,False,2,14
2021-11-03 15:00:00,35,0,1698,False,2,15
2021-11-03 16:00:00,35,0,1646,False,2,16
2021-11-03 17:00:00,37,2,1647,False,2,17
2021-11-03 18:00:00,35,1,1706,False,2,18
2021-11-03 19:00:00,35,1,1804,False,2,19
2021-11-03 20:00:00,36,2,1859,False,2,20
2021-11-03 21:00:00,38,3,1798,False,2,21
2021-11-03 22:00:00,38,2,1774,False,2,22
2021-11-03 23:00:00,41,7,1932,False,2,23
2021-11-04 00:00:00,38,0,1528,False,3,0
2021-11-04 01:00:00,36,0,1470,False,3,1
2021-11-04 02:00:00,36,1,1450,False,3,2
2021-11-04 03:00:00,37,2,1515,False,3,3
2021-11-04 04:00:00,38,2,1546,False,3,4
2021-11-04 05:00:00,39,4,1436,False,3,5
2021-11-04 06:00:00,38,1,1659,False,3,6
2021-11-04 07:00:00,39,2,1658,False,3,7
2021-11-04 08:00:00,38,2,1506,False,3,8
2021-11-04 09:00:00,35,2,1729,False,3,9
2021-11-04 10:00:00,34,1,1536,False,3,10
2021-11-04 11:00:00,38,4,1849,False,3,11
2021-11-04 12:00:00,43,4,1443,False,3,12
2021-11-04 13:00:00,40,6,1883,False,3,13
2021-11-04 14:00:00,40,4,1909,False,3,14
2021-11-04 15:00:00,40,6,1744,False,3,15
2021-11-04 16:00:00,39,4,1145,False,3,16
2021-11-04 17:00:00,40,15,1822,False,3,17
2021-11-04 18:00:00,40,7,1773,False,3,18
2021-11-04 19:00:00,41,6,1836,False,3,19
2021-11-04 20:00:00,41,5,1517,False,3,20
2021-11-04 21:00:00,42,13,2008,False,3,21
2021-11-04 22:00:00,44,5,2056,False,3,22
2021-11-04 23:00:00,44,11,2140,False,3,23
2021-11-05 00:00:00,41,4,1673,False,4,0
2021-11-05 01:00:00,42,2,1673,False,4,1
2021-11-05 02:00:00,43,4,1629,False,4,2
2021-11-05 03:00:00,40,0,1655,False,4,3
2021-11-05 04:00:00,44,5,1755,False,4,4
2021-11-05 05:00:00,44,4,1681,False,4,5
2021-11-05 06:00:00,43,3,1614,False,4,6
2021-11-05 07:00:00,45,8,1705,False,4,7
2021-11-05 08:00:00,44,5,1630,False,4,8
2021-11-05 09:00:00,41,2,1697,False,4,9
2021-11-05 10:00:00,39,1,1604,False,4,10
2021-11-05 11:00:00,45,6,1701,False,4,11
2021-11-05 12:00:00,40,2,1758,False,4,12
2021-11-05 13:00:00,39,0,1789,False,4,13
2021-11-05 14:00:00,40,2,1836,False,4,14
2021-11-05 15:00:00,44,5,1586,False,4,15
2021-11-05 16:00:00,42,6,1764,False,4,16
2021-11-05 17:00:00,42,7,1811,False,4,17
2021-11-05 18:00:00,43,7,1588,False,4,18
2021-11-05 19:00:00,46,12,1899,False,4,19
2021-11-05 20:00:00,43,4,2018,False,4,20
2021-11-05 21:00:00,44,9,1914,False,4,21
2021-11-05 22:00:00,43,10,2007,False,4,22
2021-11-05 23:00:00,44,7,2030,False,4,23
2021-11-06 00:00:00,39,1,1721,False,5,0
2021-11-06 01:00:00,41,4,1811,False,5,1
2021-11-06 02:00:00,44,5,1840,False,5,2
2021-11-06 03:00:00,44,4,1753,False,5,3
2021-11-06 04:00:00,44,3,1677,False,5,4
2021-11-06 05:00:00,42,1,1798,False,5,5
2021-11-06 06:00:00,43,5,1686,False,5,6
2021-11-06 07:00:00,44,3,1796,False,5,7
2021-11-06 08:00:00,45,4,1738,False,5,8
2021-11-06 09:00:00,40,3,1755,False,5,9
2021-11-06 10:00:00,42,2,1808,False,5,10
2021-11-06 11:00:00,42,5,1752,False,5,11
2021-11-06 12:00:00,42,4,1770,False,5,12
2021-11-06 13:00:00,41,2,1756,False,5,13
2021-11-06 14:00:00,40,1,1751,False,5,14
2021-11-06 15:00:00,40,1,1697,False,5,15
2021-11-06 16:00:00,44,5,1634,False,5,16
2021-11-06 17:00:00,40,2,1489,False,5,17
2021-11-06 18:00:00,42,2,1800,False,5,18
2021-11-06 19:00:00,41,2,1816,False,5,19
2021-11-06 20:00:00,42,5,1968,False,5,20
2021-11-06 21:00:00,43,6,1962,False,5,21
2021-11-06 22:00:00,43,5,1884,False,5,22
2021-11-06 23:00:00,43,2,1848,False,5,23
2021-11-07 00:00:00,40,1,1751,False,6,0
2021-11-07 01:00:00,39,0,1665,False,6,1
2021-11-07 02:00:00,38,0,1549,False,6,2
2021-11-07 03:00:00,39,1,1681,False,6,3
2021-11-07 04:00:00,38,0,1646,False,6,4
2021-11-07 05:00:00,41,3,1675,False,6,5
2021-11-07 06:00:00,43,2,1778,False,6,6
2021-11-07 07:00:00,41,2,1768,False,6,7
2021-11-07 08:00:00,40,1,1754,False,6,8
2021-11-07 09:00:00,41,3,1512,False,6,9
2021-11-07 10:00:00,42,1,1768,False,6,10
2021-11-07 11:00:00,44,4,1770,False,6,11
2021-11-07 12:00:00,42,1,1827,False,6,12
2021-11-07 13:00:00,43,3,1756,False,6,13
2021-11-07 14:00:00,42,1,1785,False,6,14
2021-11-07 15:00:00,44,4,1889,False,6,15
2021-11-07 16:00:00,41,0,1854,False,6,16
2021-11-07 17:00:00,42,1,1862,False,6,17
2021-11-07 18:00:00,42,2,1878,False,6,18
2021-11-07 19:00:00,39,0,1893,False,6,19
2021-11-07 20:00:00,38,0,1834,False,6,20
2021-11-07 21:00:00,38,0,1784,False,6,21
2021-11-07 22:00:00,39,1,1949,False,6,22
2021-11-07 23:00:00,40,1,1886,False,6,23
2021-11-08 00:00:00,40,5,1849,False,0,0
2021-11-08 01:00:00,40,1,2010,False,0,1
2021-11-08 02:00:00,41,4,1959,False,0,2
2021-11-08 03:00:00,42,2,2009,False,0,3
2021-11-08 04:00:00,42,2,1842,False,0,4
2021-11-08 05:00:00,41,3,1755,False,0,5
2021-11-08 06:00:00,37,0,1742,False,0,6
2021-11-08 07:00:00,37,2,1794,False,0,7
2021-11-08 08:00:00,39,2,1773,False,0,8
2021-11-08 09:00:00,40,2,1787,False,0,9
2021-11-08 10:00:00,41,4,1853,False,0,10
2021-11-08 11:00:00,43,4,1895,False,0,11
2021-11-08 12:00:00,42,5,1802,False,0,12
2021-11-08 13:00:00,42,2,1764,False,0,13
2021-11-08 14:00:00,40,0,1691,False,0,14
2021-11-08 15:00:00,41,3,1664,False,0,15
2021-11-08 16:00:00,37,2,1756,False,0,16
2021-11-08 17:00:00,37,1,1773,False,0,17
2021-11-08 18:00:00,38,4,1950,False,0,18
2021-11-08 19:00:00,40,3,1987,False,0,19
2021-11-08 20:00:00,38,0,1738,False,0,20
2021-11-08 21:00:00,36,2,1901,False,0,21
2021-11-08 22:00:00,36,1,1894,False,0,22
2021-11-08 23:00:00,37,1,1883,False,0,23
2021-11-09 00:00:00,37,1,1753,False,1,0
2021-11-09 01:00:00,39,2,1707,False,1,1
2021-11-09 02:00:00,40,4,1819,False,1,2
2021-11-09 03:00:00,40,1,1761,False,1,3
2021-11-09 04:00:00,41,4,1741,False,1,4
2021-11-09 05:00:00,40,1,1622,False,1,5
2021-11-09 06:00:00,41,4,1632,False,1,6
2021-11-09 07:00:00,40,3,1561,False,1,7
2021-11-09 08:00:00,44,8,1670,False,1,8
2021-11-09 09:00:00,44,3,1610,False,1,9
2021-11-09 10:00:00,43,3,1653,False,1,10
2021-11-09 11:00:00,44,4,1685,False,1,11
2021-11-09 12:00:00,39,1,1830,False,1,12
2021-11-09 13:00:00,41,4,1850,False,1,13
2021-11-09 14:00:00,40,4,1869,False,1,14
2021-11-09 15:00:00,39,6,1866,False,1,15
2021-11-09 16:00:00,40,8,1936,False,1,16
2021-11-09 17:00:00,40,10,1831,False,1,17
2021-11-09 18:00:00,39,4,1994,False,1,18
2021-11-09 19:00:00,39,8,1862,False,1,19
2021-11-09 20:00:00,40,5,1947,False,1,20
2021-11-09 21:00:00,42,4,1945,False,1,21
2021-11-09 22:00:00,39,3,1944,False,1,22
2021-11-09 23:00:00,41,8,2042,False,1,23
2021-11-10 00:00:00,39,2,1880,False,2,0
2021-11-10 01:00:00,38,2,1778,False,2,1
2021-11-10 02:00:00,37,0,1782,False,2,2
2021-11-10 03:00:00,37,0,1737,False,2,3
2021-11-10 04:00:00,36,1,1751,False,2,4
2021-11-10 05:00:00,37,1,1804,False,2,5
2021-11-10 06:00:00,38,1,1830,False,2,6
2021-11-10 07:00:00,40,4,1841,False,2,7
2021-11-10 08:00:00,36,0,1785,False,2,8
2021-11-10 09:00:00,38,1,1826,False,2,9
2021-11-10 10:00:00,40,4,2048,False,2,10
2021-11-10 11:00:00,42,4,2211,False,2,11
2021-11-10 12:00:00,40,2,2191,False,2,12
2021-11-10 13:00:00,42,4,2161,False,2,13
2021-11-10 14:00:00,40,3,2123,False,2,14
2021-11-10 15:00:00,39,5,1889,False,2,15
2021-11-10 16:00:00,36,1,1726,False,2,16
2021-11-10 17:00:00,36,3,1765,False,2,17
2021-11-10 18:00:00,37,1,1656,False,2,18
2021-11-10 19:00:00,39,4,1954,False,2,19
2021-11-10 20:00:00,40,2,1863,False,2,20
2021-11-10 21:00:00,41,3,2021,False,2,21
2021-11-10 22:00:00,43,4,2054,False,2,22
2021-11-10 23:00:00,42,7,2044,False,2,23
2021-11-11 00:00:00,41,2,1617,False,3,0
2021-11-11 01:00:00,40,1,1656,False,3,1
2021-11-11 02:00:00,41,2,1662,False,3,2
2021-11-11 03:00:00,43,2,1766,False,3,3
2021-11-11 04:00:00,44,4,1688,False,3,4
2021-11-11 05:00:00,40,3,1708,False,3,5
2021-11-11 06:00:00,41,3,1445,False,3,6
2021-11-11 07:00:00,41,5,1708,False,3,7
2021-11-11 08:00:00,42,3,1801,False,3,8
2021-11-11 09:00:00,43,3,1826,False,3,9
2021-11-11 10:00:00,43,1,1924,False,3,10
2021-11-11 11:00:00,42,3,1822,False,3,11
2021-11-11 12:00:00,43,4,1883,False,3,12
2021-11-11 13:00:00,44,3,1981,False,3,13
2021-11-11 14:00:00,42,4,1851,False,3,14
2021-11-11 15:00:00,43,6,1852,False,3,15
2021-11-11 16:00:00,42,3,1818,False,3,16
2021-11-11 17:00:00,42,3,1831,False,3,17
2021-11-11 18:00:00,42,4,1851,False,3,18
2021-11-11 19:00:00,45,6,2030,False,3,19
2021-11-11 20:00:00,43,2,1785,False,3,20
2021-11-11 21:00:00,39,3,1666,False,3,21
2021-11-11 22:00:00,40,4,1736,False,3,22
2021-11-11 23:00:00,43,7,1735,False,3,23
2021-11-12 00:00:00,39,0,1672,False,4,0
2021-11-12 01:00:00,38,2,1655,False,4,1
2021-11-12 02:00:00,39,2,1738,False,4,2
2021-11-12 03:00:00,42,5,1766,False,4,3
2021-11-12 04:00:00,43,2,1834,False,4,4
2021-11-12 05:00:00,41,0,1649,False,4,5
2021-11-12 06:00:00,41,2,1673,False,4,6
2021-11-12 07:00:00,39,0,1755,False,4,7
2021-11-12 08:00:00,40,2,1716,False,4,8
2021-11-12 09:00:00,41,1,1777,False,4,9
2021-11-12 10:00:00,40,1,1786,False,4,10
2021-11-12 11:00:00,38,0,1775,False,4,11
2021-11-12 12:00:00,39,1,1754,False,4,12
2021-11-12 13:00:00,41,2,1695,False,4,13
2021-11-12 14:00:00,40,1,1678,False,4,14
2021-11-12 15:00:00,39,3,1649,False,4,15
2021-11-12 16:00:00,43,4,1698,False,4,16
2021-11-12 17:00:00,41,2,1754,False,4,17
2021-11-12 18:00:00,38,2,1693,False,4,18
2021-11-12 19:00:00,38,2,1847,False,4,19
2021-11-12 20:00:00,42,6,1907,False,4,20
2021-11-12 21:00:00,41,1,1810,False,4,21
2021-11-12 22:00:00,43,2,1833,False,4,22
2021-11-12 23:00:00,42,4,1855,False,4,23
2021-11-13 00:00:00,41,1,1828,False,5,0
2021-11-13 01:00:00,40,2,1664,False,5,1
2021-11-13 02:00:00,40,4,1650,False,5,2
2021-11-13 03:00:00,42,3,1695,False,5,3
2021-11-13 04:00:00,40,1,1716,False,5,4
2021-11-13 05:00:00,42,3,1739,False,5,5
2021-11-13 06:00:00,41,2,1600,False,5,6
2021-11-13 07:00:00,43,7,1574,False,5,7
2021-11-13 08:00:00,38,1,1569,False,5,8
2021-11-13 09:00:00,41,3,1599,False,5,9
2021-11-13 10:00:00,39,2,1733,False,5,10
2021-11-13 11:00:00,42,4,1725,False,5,11
2021-11-13 12:00:00,41,3,1859,False,5,12
2021-11-13 13:00:00,41,6,1861,False,5,13
2021-11-13 14:00:00,43,3,1806,False,5,14
2021-11-13 15:00:00,42,3,1691,False,5,15
2021-11-13 16:00:00,40,3,1476,False,5,16
2021-11-13 17:00:00,38,2,1620,False,5,17
2021-11-13 18:00:00,38,2,1547,False,5,18
2021-11-13 19:00:00,42,5,1648,False,5,19
2021-11-13 20:00:00,43,5,1671,False,5,20
2021-11-13 21:00:00,42,5,1815,False,5,21
2021-11-13 22:00:00,43,6,1783,False,5,22
2021-11-13 23:00:00,40,3,1649,False,5,23
2021-11-14 00:00:00,38,1,1519,False,6,0
2021-11-14 01:00:00,38,0,1430,False,6,1
2021-11-14 02:00:00,40,3,1542,False,6,2
2021-11-14 03:00:00,43,2,1550,False,6,3
2021-11-14 04:00:00,40,0,1409,False,6,4
2021-11-14 05:00:00,39,3,1418,False,6,5
2021-11-14 06:00:00,37,0,1419,False,6,6
2021-11-14 07:00:00,37,0,1428,False,6,7
2021-11-14 08:00:00,42,4,1624,False,6,8
2021-11-14 09:00:00,42,3,1497,False,6,9
2021-11-14 10:00:00,39,2,1630,False,6,10
2021-11-14 11:00:00,42,4,1651,False,6,11
2021-11-14 12:00:00,43,3,1536,False,6,12
2021-11-14 13:00:00,40,0,1409,False,6,13
2021-11-14 14:00:00,38,1,1413,False,6,14
2021-11-14 15:00:00,39,6,1470,False,6,15
2021-11-14 16:00:00,39,7,1482,False,6,16
2021-11-14 17:00:00,41,9,1588,False,6,17
2021-11-14 18:00:00,40,6,1709,False,6,18
2021-11-14 19:00:00,39,1,1713,False,6,19
2021-11-14 20:00:00,40,6,1768,False,6,20
2021-11-14 21:00:00,40,2,1784,False,6,21
2021-11-14 22:00:00,40,5,1833,False,6,22
2021-11-14 23:00:00,41,6,1805,False,6,23
