MMSI,arrival,berthed,wait_hours,VesselType
205517000,2021-11-11 15:57:16,2021-11-12 07:00:04,15.046666666666667,80.0
205517000,2021-11-12 08:00:04,2021-11-12 09:41:34,1.6916666666666667,80.0
205760000,2021-10-15 19:43:53,2021-10-15 21:10:42,1.4469444444444444,89.0
205763000,2021-10-18 07:06:55,2021-10-18 08:22:04,1.2525,80.0
205763000,2021-10-18 13:13:24,2021-10-18 13:15:55,0.041944444444444444,80.0
209795000,2021-10-01 00:00:03,2021-10-06 02:00:00,121.99916666666667,74.0
209795000,2021-10-06 07:56:22,2021-10-06 07:58:38,0.03777777777777778,74.0
209795000,2021-10-10 11:34:12,2021-10-10 12:27:58,0.8961111111111111,74.0
210764000,2021-11-04 08:00:09,2021-11-04 09:00:01,0.9977777777777778,70.0
210764000,2021-11-04 09:11:28,2021-11-04 09:30:59,0.3252777777777778,70.0
210764000,2021-11-04 14:19:28,2021-11-04 14:21:23,0.03194444444444444,70.0
210764000,2021-11-04 21:02:49,2021-11-04 21:03:27,0.010555555555555556,70.0
210764000,2021-11-04 21:09:18,2021-11-04 21:09:26,0.0022222222222222222,70.0
210764000,2021-11-04 21:33:39,2021-11-04 21:36:24,0.04583333333333333,70.0
210764000,2021-11-05 17:00:08,2021-11-05 17:10:58,0.18055555555555555,70.0
210764000,2021-11-05 17:27:17,2021-11-05 21:05:57,3.6444444444444444,70.0
211327410,2021-10-16 00:06:45,2021-10-19 03:06:01,74.98777777777778,70.0
211327410,2021-10-19 08:54:18,2021-10-19 08:55:47,0.024722222222222222,70.0
211327410,2021-10-19 11:07:18,2021-10-19 11:09:12,0.03166666666666667,70.0
211327410,2021-10-19 12:54:16,2021-10-19 12:58:04,0.06333333333333334,70.0
211327410,2021-10-19 17:46:03,2021-10-19 17:47:04,0.016944444444444446,70.0
211327410,2021-10-19 18:51:52,2021-10-19 18:55:10,0.055,70.0
211327410,2021-10-19 22:57:31,2021-10-19 22:58:51,0.022222222222222223,70.0
211327410,2021-10-19 23:24:57,2021-10-19 23:28:50,0.06472222222222222,70.0
211327410,2021-10-20 00:47:01,2021-10-20 00:50:39,0.06055555555555556,70.0
211335760,2021-10-01 00:00:04,2021-10-03 21:03:37,69.05916666666667,70.0
211335760,2021-10-03 21:26:59,2021-10-03 21:27:47,0.013333333333333334,70.0
211335760,2021-10-03 23:14:33,2021-10-03 23:17:37,0.051111111111111114,70.0
211335760,2021-10-03 23:47:59,2021-10-03 23:50:38,0.04416666666666667,70.0
211335760,2021-10-04 08:46:19,2021-10-04 08:47:37,0.021666666666666667,70.0
212348000,2021-10-13 12:54:03,2021-11-04 12:01:15,527.12,70.0
212348000,2021-11-06 01:58:29,2021-11-06 02:18:59,0.3416666666666667,70.0
212656000,2021-10-03 21:00:02,2021-10-03 22:20:22,1.3388888888888888,80.0
212656000,2021-10-04 18:01:07,2021-10-04 22:54:16,4.885833333333333,80.0
212656000,2021-10-04 22:55:07,2021-10-04 23:02:47,0.12777777777777777,80.0
212656000,2021-10-04 23:04:08,2021-10-04 23:08:48,0.07777777777777778,80.0
212656000,2021-10-04 23:10:07,2021-10-07 13:01:19,61.85333333333333,80.0
212656000,2021-10-07 13:43:29,2021-10-07 14:05:59,0.375,80.0
212714000,2021-10-16 10:41:54,2021-10-16 12:17:43,1.5969444444444445,70.0
215125000,2021-10-02 01:37:23,2021-10-02 02:45:15,1.1311111111111112,71.0
215125000,2021-10-02 03:00:04,2021-10-02 04:00:04,1.0,71.0
215125000,2021-10-02 08:14:35,2021-10-02 08:16:14,0.0275,71.0
215131000,2021-10-27 17:05:58,2021-11-01 13:56:27,116.84138888888889,79.0
215159000,2021-10-09 10:23:55,2021-10-09 12:13:15,1.8222222222222222,79.0
215159000,2021-10-11 02:17:23,2021-10-15 12:04:40,105.78805555555556,79.0
215183000,2021-10-21 02:00:02,2021-10-21 03:16:03,1.2669444444444444,71.0
215183000,2021-10-21 07:57:52,2021-10-21 07:58:01,0.0025,71.0
215183000,2021-10-21 08:03:22,2021-10-21 08:04:02,0.011111111111111112,71.0
215183000,2021-10-21 08:15:21,2021-10-21 08:16:02,0.01138888888888889,71.0
215183000,2021-10-21 08:19:21,2021-10-21 08:22:02,0.04472222222222222,71.0
215183000,2021-10-21 08:43:33,2021-10-21 08:46:02,0.04138888888888889,71.0
215189000,2021-11-05 16:00:07,2021-11-05 16:07:41,0.12611111111111112,71.0
215189000,2021-11-05 19:13:47,2021-11-05 19:15:14,0.024166666666666666,71.0
215189000,2021-11-05 19:19:36,2021-11-05 19:21:14,0.02722222222222222,71.0
215189000,2021-11-05 19:26:16,2021-11-05 19:30:13,0.06583333333333333,71.0
215189000,2021-11-05 19:40:27,2021-11-05 19:42:14,0.029722222222222223,71.0
215189000,2021-11-05 19:47:36,2021-11-05 19:48:13,0.010277777777777778,71.0
215189000,2021-11-05 21:29:00,2021-11-05 21:29:45,0.0125,71.0
215192000,2021-10-02 03:00:02,2021-10-02 08:21:41,5.360833333333333,79.0
215196000,2021-10-24 19:36:41,2021-10-24 22:13:50,2.6191666666666666,71.0
215197000,2021-10-01 00:00:44,2021-10-01 21:33:12,21.54111111111111,71.0
215219000,2021-10-12 15:10:36,2021-10-22 12:52:26,237.69722222222222,71.0
215240000,2021-10-16 03:54:49,2021-10-16 05:09:20,1.2419444444444445,71.0
215251000,2021-10-04 13:00:10,2021-10-10 04:00:04,134.99833333333333,70.0
215347000,2021-10-01 00:01:55,2021-10-08 12:13:04,180.18583333333333,71.0
215347000,2021-10-11 09:53:13,2021-10-11 10:07:43,0.24166666666666667,71.0
215657000,2021-11-10 16:17:45,2021-11-11 14:17:06,21.989166666666666,71.0
218834000,2021-10-30 11:12:46,2021-10-30 12:29:46,1.2833333333333334,71.0
219027000,2021-11-01 11:10:29,2021-11-01 12:06:58,0.9413888888888889,71.0
219027838,2021-10-21 18:00:06,2021-10-21 18:34:27,0.5725,89.0
219027838,2021-10-21 23:54:36,2021-10-21 23:57:00,0.04,89.0
219028418,2021-10-19 18:06:36,2021-10-19 19:03:31,0.9486111111111111,89.0
219028418,2021-10-19 19:25:01,2021-10-23 21:00:05,97.58444444444444,89.0
219031000,2021-10-12 20:21:05,2021-10-23 10:06:54,253.76361111111112,71.0
219031000,2021-11-05 02:00:01,2021-11-05 07:00:22,5.005833333333333,71.0
219056000,2021-10-25 06:01:16,2021-10-25 07:27:47,1.4419444444444445,71.0
219196000,2021-10-07 01:00:04,2021-10-07 01:26:24,0.4388888888888889,70.0
219196000,2021-10-07 05:50:35,2021-10-07 05:59:24,0.14694444444444443,70.0
219196000,2021-10-07 06:04:45,2021-10-07 06:05:24,0.010833333333333334,70.0
219196000,2021-10-07 06:23:24,2021-10-07 06:23:24,0.0,70.0
219196000,2021-10-07 06:26:44,2021-10-07 06:29:24,0.044444444444444446,70.0
219605000,2021-11-04 14:19:52,2021-11-04 16:06:31,1.7775,80.0
219605000,2021-11-04 17:22:04,2021-11-05 04:10:09,10.801388888888889,80.0
219605000,2021-11-05 05:59:05,2021-11-05 06:04:08,0.08416666666666667,80.0
219605000,2021-11-05 11:49:09,2021-11-05 14:01:13,2.201111111111111,80.0
219605000,2021-11-05 18:51:10,2021-11-05 18:52:12,0.017222222222222222,80.0
220415000,2021-10-22 23:22:44,2021-11-05 17:21:57,329.9869444444444,70.0
220415000,2021-11-05 19:40:16,2021-11-05 19:40:25,0.0025,70.0
220415000,2021-11-05 21:05:57,2021-11-05 21:07:26,0.024722222222222222,70.0
220415000,2021-11-05 21:21:26,2021-11-05 21:22:26,0.016666666666666666,70.0
220416000,2021-10-12 14:50:23,2021-10-18 15:23:24,144.55027777777778,70.0
229190000,2021-10-16 19:57:43,2021-10-31 12:57:10,352.99083333333334,70.0
229190000,2021-10-31 17:06:50,2021-10-31 17:08:09,0.021944444444444444,70.0
229190000,2021-10-31 17:34:50,2021-10-31 17:35:10,0.005555555555555556,70.0
229214000,2021-10-26 13:28:02,2021-10-26 14:30:03,1.033611111111111,70.0
229214000,2021-10-26 14:45:33,2021-10-26 15:04:43,0.3194444444444444,70.0
229214000,2021-10-28 03:01:09,2021-10-28 09:33:20,6.536388888888889,70.0
229214000,2021-10-30 04:48:21,2021-10-30 06:05:31,1.2861111111111112,70.0
229214000,2021-10-30 06:20:41,2021-10-30 06:41:03,0.33944444444444444,70.0
229394000,2021-10-02 00:44:41,2021-10-02 01:03:41,0.31666666666666665,79.0
229606000,2021-10-22 17:26:41,2021-10-28 12:32:54,139.10361111111112,80.0
229947000,2021-11-10 11:34:12,2021-11-10 13:00:00,1.43,70.0
229947000,2021-11-11 14:00:02,2021-11-11 15:40:03,1.6669444444444443,70.0
229947000,2021-11-11 16:06:23,2021-11-11 17:41:34,1.5863888888888888,70.0
229961000,2021-10-01 00:02:10,2021-10-03 23:07:04,71.08166666666666,70.0
229961000,2021-10-03 23:58:10,2021-10-03 23:58:54,0.012222222222222223,70.0
229961000,2021-10-10 03:19:26,2021-10-10 03:36:26,0.2833333333333333,70.0
232008553,2021-10-03 09:00:00,2021-10-03 10:00:00,1.0,70.0
232008553,2021-10-03 15:31:50,2021-10-03 15:34:21,0.041944444444444444,70.0
232008553,2021-10-04 01:00:05,2021-10-04 05:51:37,4.858888888888889,70.0
232017938,2021-10-20 10:14:05,2021-10-20 11:38:15,1.4027777777777777,70.0
232018919,2021-11-05 17:10:35,2021-11-05 19:00:04,1.8247222222222221,70.0
232018919,2021-11-05 21:55:35,2021-11-05 21:57:06,0.025277777777777777,70.0
232018919,2021-11-05 22:48:44,2021-11-05 22:51:06,0.03944444444444444,70.0
232018919,2021-11-05 22:55:04,2021-11-05 22:57:06,0.03388888888888889,70.0
232018919,2021-11-05 23:11:05,2021-11-05 23:12:06,0.016944444444444446,70.0
232018919,2021-11-05 23:16:54,2021-11-05 23:18:06,0.02,70.0
232024772,2021-10-01 10:02:28,2021-10-01 12:31:55,2.4908333333333332,70.0
232024772,2021-10-01 15:57:29,2021-10-01 15:59:57,0.04111111111111111,70.0
232024773,2021-10-23 17:43:43,2021-10-23 19:33:35,1.8311111111111111,74.0
235009240,2021-10-22 11:47:24,2021-10-22 13:02:24,1.25,70.0
235009240,2021-10-22 13:59:55,2021-10-29 12:52:03,166.86888888888888,70.0
235060304,2021-10-09 17:29:50,2021-10-09 18:59:52,1.5005555555555556,80.0
235060304,2021-10-09 19:19:01,2021-10-09 19:40:29,0.35777777777777775,80.0
235060304,2021-10-10 23:43:44,2021-10-11 00:01:04,0.28888888888888886,80.0
235060304,2021-10-11 00:42:55,2021-10-11 11:05:51,10.382222222222222,80.0
235076283,2021-10-03 08:58:06,2021-10-03 10:16:15,1.3025,80.0
235076283,2021-10-11 22:27:44,2021-10-11 23:32:45,1.083611111111111,80.0
235076283,2021-10-28 11:16:17,2021-10-28 12:57:28,1.686388888888889,80.0
235098383,2021-10-28 06:46:52,2021-10-28 08:21:53,1.583611111111111,70.0
235098383,2021-11-04 11:00:00,2021-11-04 12:26:00,1.4333333333333333,70.0
235102679,2021-10-01 12:58:27,2021-10-07 02:22:49,133.4061111111111,70.0
240840000,2021-11-07 07:52:27,2021-11-07 09:12:47,1.3388888888888888,80.0
240840000,2021-11-07 09:34:28,2021-11-08 16:06:08,30.52777777777778,80.0
240955000,2021-10-30 01:00:04,2021-10-30 02:37:44,1.6277777777777778,80.0
240955000,2021-11-06 02:56:00,2021-11-06 05:14:20,2.3055555555555554,80.0
240955000,2021-11-09 06:45:01,2021-11-09 09:01:20,2.2719444444444443,80.0
241080000,2021-10-06 19:54:25,2021-10-06 20:49:56,0.9252777777777778,80.0
241530000,2021-10-14 18:17:51,2021-10-14 21:05:40,2.7969444444444442,80.0
241643000,2021-11-05 18:59:01,2021-11-05 19:49:31,0.8416666666666667,89.0
244115000,2021-11-06 09:26:49,2021-11-06 11:00:08,1.5552777777777778,70.0
245732000,2021-10-30 03:08:22,2021-10-30 04:30:12,1.363888888888889,70.0
245732000,2021-10-30 08:07:02,2021-10-30 08:09:06,0.034444444444444444,70.0
245732000,2021-10-30 16:12:11,2021-10-30 16:15:32,0.05583333333333333,70.0
247275900,2021-11-14 19:25:31,2021-11-14 21:05:11,1.6611111111111112,80.0
247301500,2021-10-23 01:55:07,2021-10-23 03:11:56,1.2802777777777778,80.0
247301500,2021-10-25 01:17:21,2021-10-26 12:52:55,35.592777777777776,80.0
248089000,2021-10-23 12:28:19,2021-10-23 14:03:38,1.5886111111111112,70.0
248262000,2021-11-12 23:23:32,2021-11-13 00:46:51,1.388611111111111,70.0
248262000,2021-11-13 01:08:12,2021-11-13 03:33:25,2.4202777777777778,70.0
248262000,2021-11-13 03:34:44,2021-11-13 14:14:46,10.667222222222222,70.0
248262000,2021-11-13 15:00:06,2021-11-13 19:11:26,4.188888888888889,70.0
248302000,2021-10-12 18:40:58,2021-10-16 02:08:05,79.45194444444445,70.0
249414000,2021-10-01 14:00:08,2021-10-13 15:58:38,289.975,70.0
249414000,2021-10-19 12:25:25,2021-10-19 12:41:56,0.2752777777777778,70.0
249758000,2021-10-19 10:48:50,2021-10-19 12:10:22,1.3588888888888888,70.0
249909000,2021-10-17 12:12:02,2021-10-17 13:40:21,1.4719444444444445,70.0
255729000,2021-10-12 14:56:24,2021-10-12 16:23:54,1.4583333333333333,70.0
255729000,2021-10-16 03:16:29,2021-11-10 21:32:55,618.2738888888889,70.0
255729000,2021-11-13 20:52:42,2021-11-13 21:13:45,0.35083333333333333,70.0
255806032,2021-10-30 17:03:36,2021-11-02 04:09:28,59.09777777777778,71.0
255806072,2021-10-01 00:00:22,2021-10-04 13:25:08,85.41277777777778,70.0
255806072,2021-10-04 14:12:31,2021-10-06 11:41:01,45.475,70.0
255806075,2021-10-10 17:53:26,2021-10-16 20:30:09,146.61194444444445,71.0
255806075,2021-10-17 19:09:11,2021-11-03 14:11:22,403.0363888888889,71.0
255806075,2021-11-03 14:30:36,2021-11-06 01:47:43,59.28527777777778,71.0
255806075,2021-11-06 02:09:00,2021-11-06 06:21:45,4.2125,71.0
255806335,2021-10-01 00:01:12,2021-10-11 12:55:01,252.89694444444444,74.0
255806338,2021-10-12 07:28:39,2021-10-12 09:03:30,1.5808333333333333,71.0
255806339,2021-10-23 13:06:25,2021-10-23 15:43:26,2.6169444444444445,74.0
255806437,2021-11-10 19:23:06,2021-11-10 21:04:56,1.6972222222222222,79.0
255806489,2021-10-09 21:52:51,2021-10-10 00:25:12,2.5391666666666666,70.0
255806502,2021-10-12 15:15:17,2021-10-14 12:38:19,45.38388888888889,71.0
256930000,2021-10-23 13:26:29,2021-10-23 14:49:29,1.3833333333333333,70.0
256930000,2021-11-03 01:28:31,2021-11-03 01:47:02,0.3086111111111111,70.0
256989000,2021-10-01 00:02:00,2021-10-07 08:07:19,152.0886111111111,70.0
257556000,2021-11-14 16:23:23,2021-11-14 17:55:48,1.5402777777777779,70.0
257556000,2021-11-14 17:56:23,2021-11-14 18:01:09,0.07944444444444444,70.0
257556000,2021-11-14 18:02:21,2021-11-14 18:06:58,0.07694444444444444,70.0
257556000,2021-11-14 18:08:24,2021-11-14 18:11:19,0.04861111111111111,70.0
258689000,2021-10-21 03:08:03,2021-10-21 04:23:04,1.2502777777777778,80.0
258689000,2021-10-21 10:04:22,2021-10-21 10:06:21,0.03305555555555555,80.0
258689000,2021-10-23 17:46:08,2021-10-23 18:04:39,0.3086111111111111,80.0
258689000,2021-10-23 18:41:38,2021-10-26 00:01:15,53.32694444444444,80.0
258731000,2021-11-12 13:21:52,2021-11-12 14:50:03,1.4697222222222222,70.0
258731000,2021-11-12 16:29:31,2021-11-12 23:43:49,7.238333333333333,70.0
303294000,2021-10-11 12:43:05,2021-10-11 14:02:26,1.3225,80.0
303294000,2021-10-17 17:00:22,2021-10-17 21:05:27,4.084722222222222,80.0
303340000,2021-10-26 10:50:22,2021-10-26 12:09:13,1.3141666666666667,71.0
303352000,2021-10-07 17:06:57,2021-10-07 17:24:36,0.2941666666666667,79.0
303656000,2021-11-11 06:18:37,2021-11-11 07:53:36,1.5830555555555557,80.0
305030000,2021-10-30 18:47:28,2021-10-30 20:03:29,1.2669444444444444,70.0
305030000,2021-10-31 05:00:06,2021-10-31 10:08:56,5.147222222222222,70.0
305030000,2021-10-31 10:09:45,2021-10-31 10:13:06,0.05583333333333333,70.0
305172000,2021-11-09 23:46:06,2021-11-10 00:55:38,1.1588888888888889,70.0
305200000,2021-10-14 12:40:43,2021-11-08 21:02:34,608.3641666666666,70.0
305200000,2021-11-14 12:54:58,2021-11-14 16:20:49,3.430833333333333,70.0
305293000,2021-11-03 11:01:07,2021-11-03 12:13:17,1.2027777777777777,70.0
308717000,2021-11-10 10:41:45,2021-11-10 12:11:34,1.4969444444444444,70.0
308717000,2021-11-11 09:43:11,2021-11-11 09:59:33,0.2727777777777778,70.0
308921000,2021-10-26 14:45:29,2021-10-26 16:05:49,1.3388888888888888,70.0
309046000,2021-10-19 15:26:09,2021-10-20 12:33:24,21.120833333333334,70.0
309046000,2021-10-31 12:06:57,2021-10-31 12:30:07,0.3861111111111111,70.0
311000111,2021-11-04 21:32:37,2021-11-04 23:06:47,1.5694444444444444,80.0
311000111,2021-11-04 23:26:18,2021-11-08 02:09:20,74.71722222222222,80.0
311000112,2021-10-02 22:13:53,2021-10-02 23:18:02,1.0691666666666666,80.0
311000112,2021-10-02 23:45:31,2021-10-05 21:18:58,69.5575,80.0
311000112,2021-10-18 17:46:22,2021-10-18 19:17:21,1.5163888888888888,80.0
311000112,2021-10-18 19:41:11,2021-10-19 05:02:25,9.35388888888889,80.0
311000112,2021-10-31 07:58:42,2021-10-31 09:44:42,1.7666666666666666,80.0
311000112,2021-10-31 10:05:52,2021-11-03 19:16:07,81.17083333333333,80.0
311000222,2021-10-08 14:10:37,2021-10-08 15:38:36,1.466388888888889,80.0
311000222,2021-11-09 17:16:22,2021-11-09 18:41:04,1.4116666666666666,80.0
311000436,2021-11-08 15:13:16,2021-11-08 16:56:07,1.7141666666666666,80.0
311000436,2021-11-09 19:00:05,2021-11-09 23:23:27,4.389444444444444,80.0
311000436,2021-11-09 23:24:16,2021-11-09 23:55:36,0.5222222222222223,80.0
311000436,2021-11-09 23:55:55,2021-11-10 06:57:37,7.028333333333333,80.0
311000436,2021-11-10 07:33:57,2021-11-10 07:34:05,0.0022222222222222222,80.0
311000436,2021-11-10 07:55:15,2021-11-10 07:55:56,0.01138888888888889,80.0
311000436,2021-11-10 19:34:16,2021-11-10 21:48:25,2.2358333333333333,80.0
311000436,2021-11-10 21:49:16,2021-11-10 22:07:27,0.3030555555555556,80.0
311000436,2021-11-10 22:08:07,2021-11-10 23:00:26,0.8719444444444444,80.0
311000436,2021-11-10 23:01:15,2021-11-10 23:27:35,0.4388888888888889,80.0
311000436,2021-11-10 23:27:37,2021-11-10 23:30:25,0.04666666666666667,80.0
311000436,2021-11-10 23:31:06,2021-11-11 04:42:53,5.1963888888888885,80.0
311000878,2021-11-14 08:14:41,2021-11-14 10:03:23,1.8116666666666668,70.0
311000878,2021-11-14 14:27:19,2021-11-14 14:29:06,0.029722222222222223,70.0
311000898,2021-10-28 20:40:14,2021-10-28 21:40:45,1.0086111111111111,70.0
311008600,2021-10-12 06:49:10,2021-10-12 08:03:50,1.2444444444444445,70.0
311008600,2021-10-12 08:17:21,2021-10-12 08:37:40,0.3386111111111111,70.0
311008600,2021-10-13 00:25:55,2021-10-13 00:43:29,0.2927777777777778,70.0
311056900,2021-10-12 12:04:41,2021-10-12 13:35:21,1.511111111111111,70.0
311056900,2021-11-09 13:04:54,2021-11-09 14:48:06,1.72,70.0
311056900,2021-11-11 03:02:21,2021-11-11 04:47:31,1.7527777777777778,70.0
311056900,2021-11-11 04:48:56,2021-11-11 05:07:22,0.30722222222222223,70.0
311056900,2021-11-11 05:10:00,2021-11-11 05:19:12,0.15333333333333332,70.0
311056900,2021-11-11 05:22:02,2021-11-11 17:52:39,12.510277777777778,70.0
311697000,2021-10-14 20:56:04,2021-10-14 22:01:13,1.0858333333333334,70.0
311707000,2021-11-13 18:00:03,2021-11-13 19:00:04,1.0002777777777778,80.0
311707000,2021-11-13 20:50:53,2021-11-13 20:52:13,0.022222222222222223,80.0
311707000,2021-11-13 21:01:14,2021-11-13 21:04:13,0.04972222222222222,80.0
311931000,2021-10-07 09:07:05,2021-10-07 10:32:56,1.4308333333333334,80.0
311931000,2021-10-08 13:06:33,2021-10-08 13:25:33,0.31666666666666665,80.0
311931000,2021-10-09 08:37:39,2021-10-09 08:55:48,0.3025,80.0
311931000,2021-10-12 16:37:26,2021-10-12 16:54:55,0.29138888888888886,80.0
319147800,2021-10-01 00:02:49,2021-10-26 22:12:17,622.1577777777778,80.0
319147800,2021-10-26 22:34:48,2021-10-27 10:35:51,12.0175,80.0
319219200,2021-10-02 10:05:55,2021-10-02 11:06:55,1.0166666666666666,79.0
319219200,2021-10-12 11:05:57,2021-10-12 11:26:26,0.3413888888888889,79.0
319366000,2021-10-08 21:55:20,2021-10-08 23:11:49,1.2747222222222223,70.0
319366000,2021-10-08 23:30:10,2021-10-14 12:38:41,133.14194444444445,70.0
338121000,2021-10-15 06:27:43,2021-10-15 07:49:22,1.3608333333333333,70.0
338227000,2021-10-14 19:00:00,2021-10-14 20:06:20,1.1055555555555556,80.0
338227000,2021-11-03 05:40:25,2021-11-03 06:59:24,1.3163888888888888,80.0
338302000,2021-10-10 00:03:20,2021-10-10 01:16:21,1.2169444444444444,80.0
338302000,2021-10-10 06:11:11,2021-10-10 06:29:42,0.3086111111111111,80.0
338302000,2021-10-11 00:22:14,2021-10-11 00:40:44,0.30833333333333335,80.0
338302000,2021-10-25 03:38:09,2021-10-25 04:55:00,1.2808333333333333,80.0
338302000,2021-10-26 21:27:01,2021-10-26 21:48:01,0.35,80.0
338302000,2021-11-07 13:32:07,2021-11-07 15:07:07,1.5833333333333333,80.0
338302000,2021-11-07 17:48:24,2021-11-07 17:49:34,0.019444444444444445,80.0
338302000,2021-11-09 04:25:52,2021-11-09 04:45:42,0.33055555555555555,80.0
338371000,2021-10-15 13:00:05,2021-10-15 14:21:05,1.35,80.0
338371000,2021-11-08 17:00:09,2021-11-08 18:19:20,1.3197222222222222,80.0
338500000,2021-10-13 03:57:43,2021-10-13 05:29:20,1.5269444444444444,80.0
338679000,2021-10-31 20:07:52,2021-10-31 21:18:12,1.1722222222222223,79.0
338679000,2021-10-31 22:51:10,2021-11-01 02:20:21,3.486388888888889,79.0
338679000,2021-11-05 07:39:45,2021-11-05 07:54:13,0.2411111111111111,79.0
338796000,2021-11-12 06:40:27,2021-11-12 07:47:47,1.1222222222222222,70.0
351206000,2021-10-09 17:36:42,2021-10-09 18:54:22,1.2944444444444445,80.0
351340000,2021-10-28 06:59:22,2021-10-28 08:11:33,1.2030555555555555,70.0
351340000,2021-10-28 08:25:12,2021-10-28 08:43:12,0.3,70.0
351340000,2021-10-29 00:30:01,2021-10-29 00:47:00,0.28305555555555556,70.0
351357000,2021-10-15 02:00:05,2021-10-15 03:00:06,1.0002777777777778,70.0
351357000,2021-10-15 07:52:05,2021-10-15 07:54:09,0.034444444444444444,70.0
351357000,2021-10-15 08:06:35,2021-10-15 08:09:09,0.042777777777777776,70.0
351733000,2021-11-12 19:00:06,2021-11-12 20:00:06,1.0,70.0
351733000,2021-11-12 20:12:26,2021-11-12 20:29:26,0.2833333333333333,70.0
351733000,2021-11-13 07:00:04,2021-11-13 10:58:05,3.9669444444444446,70.0
351819000,2021-11-03 13:25:45,2021-11-13 16:00:07,242.5727777777778,74.0
351848000,2021-10-04 12:55:25,2021-10-17 11:18:20,310.38194444444446,70.0
352157000,2021-11-01 11:56:29,2021-11-01 13:15:19,1.3138888888888889,70.0
352157000,2021-11-01 13:30:48,2021-11-04 13:07:37,71.61361111111111,70.0
352822000,2021-10-26 21:18:33,2021-10-26 22:36:51,1.305,70.0
352822000,2021-10-26 22:50:33,2021-10-26 23:08:22,0.29694444444444446,70.0
352822000,2021-11-01 01:37:59,2021-11-01 01:58:47,0.3466666666666667,70.0
352927000,2021-11-01 00:38:02,2021-11-01 00:55:06,0.28444444444444444,70.0
353090000,2021-10-27 14:52:19,2021-10-27 16:02:19,1.1666666666666667,70.0
353090000,2021-10-27 21:31:59,2021-10-27 21:32:48,0.01361111111111111,70.0
353090000,2021-10-27 21:33:58,2021-10-27 21:35:49,0.030833333333333334,70.0
353090000,2021-10-27 21:52:09,2021-10-27 21:53:50,0.028055555555555556,70.0
353090000,2021-10-27 21:54:19,2021-10-27 21:56:50,0.041944444444444444,70.0
353090000,2021-11-13 01:00:04,2021-11-13 06:17:20,5.2877777777777775,70.0
353100000,2021-11-13 10:49:29,2021-11-13 12:11:10,1.361388888888889,70.0
353160000,2021-11-10 11:15:05,2021-11-10 13:02:24,1.7886111111111112,71.0
353393000,2021-10-21 13:16:12,2021-10-21 15:03:22,1.7861111111111112,70.0
353579000,2021-11-09 11:00:09,2021-11-09 12:01:10,1.0169444444444444,70.0
353579000,2021-11-09 16:47:20,2021-11-09 16:48:32,0.02,70.0
353579000,2021-11-09 17:06:59,2021-11-09 17:09:31,0.042222222222222223,70.0
353579000,2021-11-09 17:14:59,2021-11-09 17:15:31,0.008888888888888889,70.0
353579000,2021-11-09 17:22:10,2021-11-09 17:24:29,0.03861111111111111,70.0
353579000,2021-11-09 17:39:00,2021-11-09 17:39:30,0.008333333333333333,70.0
353592000,2021-11-06 01:51:20,2021-11-06 03:07:13,1.2647222222222223,70.0
353592000,2021-11-06 03:25:40,2021-11-06 03:49:21,0.3947222222222222,70.0
353592000,2021-11-12 03:18:20,2021-11-12 03:40:01,0.36138888888888887,70.0
353647000,2021-10-20 08:54:46,2021-10-20 10:03:26,1.1444444444444444,70.0
353647000,2021-10-20 10:18:35,2021-10-20 10:38:45,0.33611111111111114,70.0
353647000,2021-10-20 18:19:53,2021-10-20 18:36:43,0.28055555555555556,70.0
353826000,2021-10-12 11:05:42,2021-10-12 12:35:42,1.5,70.0
354053000,2021-10-01 00:01:16,2021-10-10 20:28:55,236.46083333333334,79.0
354053000,2021-10-16 07:52:30,2021-10-16 09:09:11,1.2780555555555555,79.0
354053000,2021-11-08 12:01:10,2021-11-08 12:21:11,0.33361111111111114,79.0
354162000,2021-11-14 18:00:05,2021-11-14 19:00:06,1.0002777777777778,70.0
354162000,2021-11-14 23:14:14,2021-11-14 23:14:49,0.009722222222222222,70.0
354162000,2021-11-14 23:21:55,2021-11-14 23:23:49,0.03166666666666667,70.0
354162000,2021-11-14 23:27:44,2021-11-14 23:29:49,0.034722222222222224,70.0
354162000,2021-11-14 23:32:44,2021-11-14 23:32:49,0.001388888888888889,70.0
354194000,2021-10-01 00:02:55,2021-10-16 16:01:00,375.96805555555557,70.0
354194000,2021-10-16 21:01:41,2021-10-16 21:03:32,0.030833333333333334,70.0
354194000,2021-10-16 21:43:28,2021-10-16 22:23:01,0.6591666666666667,70.0
354194000,2021-10-16 22:23:17,2021-10-16 22:30:21,0.11777777777777777,70.0
354212000,2021-10-01 22:51:06,2021-10-12 21:31:25,262.6719444444444,70.0
354212000,2021-10-12 21:46:35,2021-10-12 22:06:25,0.33055555555555555,70.0
354415000,2021-11-12 02:31:29,2021-11-12 02:51:39,0.33611111111111114,70.0
354658000,2021-11-06 10:18:13,2021-11-06 12:08:12,1.8330555555555557,70.0
354658000,2021-11-06 12:32:53,2021-11-06 12:59:34,0.44472222222222224,70.0
354658000,2021-11-06 16:18:13,2021-11-06 16:19:30,0.021388888888888888,70.0
354658000,2021-11-08 18:08:58,2021-11-08 18:26:08,0.2861111111111111,70.0
354658000,2021-11-11 23:39:18,2021-11-12 01:10:37,1.5219444444444445,70.0
354658000,2021-11-12 01:31:09,2021-11-12 01:52:37,0.35777777777777775,70.0
354658000,2021-11-12 22:59:43,2021-11-12 23:18:12,0.3080555555555556,70.0
354839000,2021-11-14 11:02:12,2021-11-14 14:02:58,3.012777777777778,70.0
354839000,2021-11-14 15:40:34,2021-11-14 15:41:58,0.023333333333333334,70.0
354839000,2021-11-14 16:04:44,2021-11-14 16:05:58,0.020555555555555556,70.0
354839000,2021-11-14 16:13:33,2021-11-14 16:14:58,0.02361111111111111,70.0
354839000,2021-11-14 16:23:54,2021-11-14 16:23:58,0.0011111111111111111,70.0
354839000,2021-11-14 16:42:14,2021-11-14 16:44:59,0.04583333333333333,70.0
354839000,2021-11-14 17:08:03,2021-11-14 17:08:59,0.015555555555555555,70.0
355232000,2021-10-07 10:16:24,2021-10-07 10:23:35,0.11972222222222222,70.0
355232000,2021-10-07 10:44:34,2021-10-07 11:03:35,0.3169444444444444,70.0
355232000,2021-10-11 00:32:09,2021-10-11 00:48:20,0.2697222222222222,70.0
355321000,2021-11-10 17:10:59,2021-11-10 19:02:20,1.8558333333333332,80.0
355321000,2021-11-10 19:36:29,2021-11-12 18:03:15,46.44611111111111,80.0
355364000,2021-10-18 03:51:46,2021-10-18 05:26:36,1.5805555555555555,80.0
355364000,2021-10-18 09:46:44,2021-10-18 09:49:00,0.03777777777777778,80.0
355364000,2021-10-18 10:09:46,2021-10-18 10:10:00,0.0038888888888888888,80.0
355364000,2021-11-13 03:47:28,2021-11-13 05:17:48,1.5055555555555555,80.0
355364000,2021-11-14 03:00:07,2021-11-14 08:10:57,5.180555555555555,80.0
355400000,2021-10-01 00:00:23,2021-10-06 10:42:32,130.7025,70.0
355400000,2021-10-06 11:03:11,2021-10-06 11:22:32,0.3225,70.0
355433000,2021-10-24 22:11:25,2021-10-26 21:34:50,47.390277777777776,71.0
355433000,2021-10-26 21:49:42,2021-10-26 22:06:21,0.2775,71.0
355433000,2021-10-29 01:47:17,2021-10-29 02:04:47,0.2916666666666667,71.0
355546000,2021-11-09 08:00:01,2021-11-09 10:00:11,2.0027777777777778,80.0
355546000,2021-11-09 11:41:31,2021-11-09 11:42:30,0.01638888888888889,80.0
355546000,2021-11-09 13:53:50,2021-11-09 13:58:54,0.08444444444444445,80.0
355546000,2021-11-09 14:22:09,2021-11-09 14:22:55,0.012777777777777779,80.0
355813000,2021-11-05 15:00:00,2021-11-05 16:00:01,1.0002777777777778,70.0
355813000,2021-11-05 20:39:20,2021-11-05 20:41:00,0.027777777777777776,70.0
355813000,2021-11-05 21:03:01,2021-11-05 21:04:54,0.03138888888888889,70.0
355813000,2021-11-05 21:07:11,2021-11-05 21:10:59,0.06333333333333334,70.0
355813000,2021-11-05 21:27:31,2021-11-05 21:29:00,0.024722222222222222,70.0
356222000,2021-11-01 14:00:05,2021-11-01 15:05:55,1.0972222222222223,70.0
356222000,2021-11-01 20:41:18,2021-11-02 02:02:17,5.349722222222222,70.0
356222000,2021-11-02 04:38:18,2021-11-02 08:04:24,3.435,70.0
356407000,2021-10-06 20:26:26,2021-10-06 21:58:57,1.5419444444444443,70.0
356407000,2021-10-06 22:56:17,2021-10-11 13:29:45,110.55777777777777,70.0
356581000,2021-11-06 20:00:05,2021-11-06 21:01:15,1.0194444444444444,70.0
356696000,2021-10-02 23:11:46,2021-10-03 06:26:15,7.241388888888889,80.0
356696000,2021-10-03 06:26:46,2021-10-03 06:39:55,0.21916666666666668,80.0
356696000,2021-10-03 06:41:46,2021-10-04 09:00:07,26.305833333333332,80.0
356696000,2021-10-04 12:19:46,2021-10-04 12:21:01,0.020833333333333332,80.0
356696000,2021-10-04 12:41:57,2021-10-04 12:42:01,0.0011111111111111111,80.0
356696000,2021-10-04 12:43:18,2021-10-04 12:45:01,0.02861111111111111,80.0
356696000,2021-10-04 13:12:17,2021-10-04 13:15:01,0.04555555555555556,80.0
356696000,2021-10-04 13:58:27,2021-10-04 14:00:01,0.026111111111111113,80.0
356696000,2021-10-04 14:15:57,2021-10-04 14:18:01,0.034444444444444444,80.0
356696000,2021-10-04 14:32:27,2021-10-04 14:33:01,0.009444444444444445,80.0
356958000,2021-10-09 20:20:50,2021-10-09 22:04:50,1.7333333333333334,80.0
356958000,2021-10-11 10:13:42,2021-10-11 10:35:04,0.3561111111111111,80.0
356958000,2021-10-12 09:40:08,2021-10-12 09:58:04,0.29888888888888887,80.0
356958000,2021-10-16 01:43:48,2021-10-16 02:01:17,0.29138888888888886,80.0
356958000,2021-10-17 01:37:00,2021-10-17 01:52:09,0.2525,80.0
357051000,2021-10-15 23:45:46,2021-10-31 14:17:39,374.5313888888889,70.0
357051000,2021-10-31 21:53:04,2021-11-08 15:47:25,185.90583333333333,70.0
357067000,2021-10-12 20:25:19,2021-10-12 21:40:47,1.2577777777777779,70.0
357067000,2021-10-28 01:37:31,2021-10-28 01:56:53,0.3227777777777778,70.0
357075000,2021-10-24 08:33:46,2021-10-24 10:01:02,1.4544444444444444,80.0
357104000,2021-10-12 14:17:26,2021-10-18 04:12:30,133.9177777777778,70.0
357147000,2021-10-18 02:41:18,2021-10-18 03:52:08,1.1805555555555556,70.0
357147000,2021-10-18 04:07:18,2021-10-18 04:34:18,0.45,70.0
357147000,2021-10-19 00:04:21,2021-10-19 00:21:51,0.2916666666666667,70.0
357353000,2021-10-07 13:35:51,2021-10-07 15:01:19,1.4244444444444444,70.0
357777000,2021-11-01 01:11:12,2021-11-01 02:12:30,1.0216666666666667,70.0
357777000,2021-11-01 02:31:35,2021-11-01 09:10:28,6.648055555555556,70.0
357777000,2021-11-02 11:55:17,2021-11-03 07:16:19,19.350555555555555,70.0
366563000,2021-10-29 16:34:59,2021-10-29 17:41:59,1.1166666666666667,70.0
366629000,2021-10-14 23:33:13,2021-10-15 00:36:09,1.048888888888889,70.0
366629000,2021-10-28 21:32:13,2021-10-28 22:33:13,1.0166666666666666,70.0
366629000,2021-11-11 22:40:40,2021-11-11 23:39:50,0.9861111111111112,70.0
366758000,2021-10-04 12:00:03,2021-10-04 12:48:34,0.8086111111111111,70.0
366758000,2021-10-04 17:21:58,2021-10-04 17:24:48,0.04722222222222222,70.0
366758000,2021-10-18 16:27:17,2021-10-18 17:36:04,1.146388888888889,70.0
366758000,2021-11-01 16:33:47,2021-11-01 18:04:55,1.518888888888889,70.0
366799000,2021-10-21 21:18:41,2021-10-21 22:19:19,1.0105555555555557,70.0
366799000,2021-11-04 21:01:08,2021-11-04 22:04:34,1.0572222222222223,70.0
366855000,2021-10-07 16:33:43,2021-10-07 17:53:33,1.3305555555555555,80.0
366855000,2021-10-18 15:14:24,2021-10-18 16:43:15,1.4808333333333332,80.0
366962000,2021-10-06 22:39:28,2021-10-06 23:50:39,1.186388888888889,80.0
366962000,2021-10-07 00:09:28,2021-10-07 00:42:48,0.5555555555555556,80.0
366962000,2021-10-09 17:36:42,2021-10-09 17:56:34,0.33111111111111113,80.0
367006790,2021-10-01 13:14:07,2021-10-01 16:59:16,3.7525,80.0
367006790,2021-10-01 17:39:07,2021-10-01 18:03:05,0.39944444444444444,80.0
367006790,2021-10-01 19:12:06,2021-10-02 00:29:44,5.293888888888889,80.0
367006790,2021-10-02 01:49:14,2021-10-02 14:14:01,12.413055555555555,80.0
367006790,2021-10-02 20:17:43,2021-10-03 14:22:40,18.0825,80.0
367006790,2021-10-03 17:19:47,2021-10-03 20:29:49,3.167222222222222,80.0
367006790,2021-10-06 21:10:25,2021-10-07 14:13:04,17.044166666666666,80.0
367006790,2021-10-07 18:20:30,2021-10-07 20:07:49,1.7886111111111112,80.0
367006790,2021-10-07 23:56:28,2021-10-08 14:19:19,14.380833333333333,80.0
367006790,2021-10-08 15:26:30,2021-10-08 19:02:56,3.607222222222222,80.0
367006790,2021-10-08 19:44:48,2021-10-09 13:17:42,17.548333333333332,80.0
367006790,2021-10-09 14:34:06,2021-10-09 16:46:03,2.1991666666666667,80.0
367006790,2021-10-09 21:57:24,2021-10-10 13:19:06,15.361666666666666,80.0
367006790,2021-10-10 20:14:20,2021-10-11 12:30:31,16.26972222222222,80.0
367006790,2021-10-12 02:38:43,2021-10-12 15:21:17,12.709444444444445,80.0
367006790,2021-10-12 19:02:59,2021-10-13 13:31:24,18.47361111111111,80.0
367006790,2021-10-14 13:56:06,2021-10-14 14:20:01,0.39861111111111114,80.0
367006790,2021-10-15 17:40:20,2021-10-16 11:31:15,17.84861111111111,80.0
367006790,2021-10-16 13:01:20,2021-10-16 15:39:01,2.6280555555555556,80.0
367006790,2021-10-17 00:48:05,2021-10-17 13:32:53,12.746666666666666,80.0
367006790,2021-10-17 14:43:24,2021-10-17 18:11:33,3.4691666666666667,80.0
367006790,2021-10-18 00:18:04,2021-10-18 05:56:14,5.636111111111111,80.0
367006790,2021-10-18 11:19:32,2021-10-18 13:56:35,2.6175,80.0
367006790,2021-10-18 15:44:25,2021-10-18 16:56:21,1.198888888888889,80.0
367006790,2021-10-18 17:14:21,2021-10-18 19:27:25,2.2177777777777776,80.0
367006790,2021-10-18 21:59:43,2021-10-18 22:08:32,0.14694444444444443,80.0
367006790,2021-10-19 01:18:19,2021-10-19 19:24:44,18.106944444444444,80.0
367006790,2021-10-19 20:11:34,2021-10-19 23:06:05,2.908611111111111,80.0
367006790,2021-10-19 23:56:15,2021-10-20 13:56:51,14.01,80.0
367006790,2021-10-20 22:45:36,2021-10-21 03:05:36,4.333333333333333,80.0
367006790,2021-10-21 04:07:52,2021-10-21 04:21:22,0.225,80.0
367006790,2021-10-21 06:48:39,2021-10-21 19:04:48,12.269166666666667,80.0
367006790,2021-10-22 20:17:49,2021-10-24 13:59:44,41.69861111111111,80.0
367006790,2021-10-24 17:35:09,2021-10-25 12:25:31,18.839444444444446,80.0
367006790,2021-10-25 13:32:51,2021-10-25 18:05:18,4.5408333333333335,80.0
367006790,2021-10-25 18:57:18,2021-10-27 13:49:45,42.87416666666667,80.0
367006790,2021-10-27 14:40:13,2021-10-27 15:50:49,1.1766666666666667,80.0
367006790,2021-10-27 21:44:21,2021-10-27 21:59:23,0.25055555555555553,80.0
367006790,2021-10-27 22:00:03,2021-10-30 19:59:29,69.99055555555556,80.0
367006790,2021-10-31 03:06:06,2021-10-31 18:44:24,15.638333333333334,80.0
367006790,2021-11-02 20:11:33,2021-11-03 14:36:19,18.412777777777777,80.0
367006790,2021-11-03 21:03:23,2021-11-06 18:24:07,69.34555555555555,80.0
367006790,2021-11-06 18:26:26,2021-11-08 16:37:56,46.19166666666667,80.0
367006790,2021-11-08 16:51:53,2021-11-08 17:13:06,0.3536111111111111,80.0
367006790,2021-11-08 21:13:04,2021-11-08 21:32:32,0.3244444444444444,80.0
367006790,2021-11-09 20:57:54,2021-11-10 14:11:31,17.226944444444445,80.0
367006790,2021-11-10 15:06:57,2021-11-10 16:39:50,1.5480555555555555,80.0
367006790,2021-11-10 18:18:13,2021-11-11 12:06:29,17.804444444444446,80.0
367006790,2021-11-11 13:07:09,2021-11-11 13:40:02,0.5480555555555555,80.0
367006790,2021-11-11 14:18:22,2021-11-11 15:04:30,0.7688888888888888,80.0
367006790,2021-11-11 15:50:10,2021-11-11 16:23:43,0.5591666666666667,80.0
367006790,2021-11-11 16:26:40,2021-11-11 19:48:50,3.3694444444444445,80.0
367006790,2021-11-11 20:50:21,2021-11-11 21:28:44,0.6397222222222222,80.0
367006790,2021-11-11 22:06:04,2021-11-11 22:26:47,0.3452777777777778,80.0
367006790,2021-11-11 23:14:26,2021-11-12 17:25:19,18.18138888888889,80.0
367006790,2021-11-13 05:09:29,2021-11-13 05:13:00,0.058611111111111114,80.0
367006790,2021-11-13 19:57:29,2021-11-13 20:40:10,0.7113888888888888,80.0
367006790,2021-11-13 23:34:16,2021-11-14 15:00:08,15.431111111111111,80.0
367006790,2021-11-14 20:00:08,2021-11-14 20:37:38,0.625,80.0
367006790,2021-11-14 20:39:11,2021-11-14 20:45:27,0.10444444444444445,80.0
367006790,2021-11-14 20:48:09,2021-11-14 22:10:15,1.3683333333333334,80.0
367006790,2021-11-14 22:10:49,2021-11-14 23:56:04,1.7541666666666667,80.0
367196000,2021-10-01 06:57:08,2021-10-01 08:05:57,1.1469444444444445,70.0
367196000,2021-10-01 12:48:29,2021-10-01 12:49:17,0.013333333333333334,70.0
367196000,2021-10-22 10:26:09,2021-10-22 11:37:01,1.181111111111111,70.0
367196000,2021-11-05 09:59:49,2021-11-05 11:34:07,1.5716666666666668,70.0
367199960,2021-10-03 18:08:40,2021-10-03 20:16:20,2.1277777777777778,70.0
367199960,2021-10-03 20:34:21,2021-10-11 17:43:18,189.14916666666667,70.0
367199960,2021-10-11 23:52:57,2021-10-11 23:52:59,0.0005555555555555556,70.0
367199960,2021-10-12 18:30:57,2021-10-12 18:32:26,0.024722222222222222,70.0
367199960,2021-10-13 00:22:08,2021-10-13 13:39:36,13.29111111111111,70.0
367199960,2021-10-13 13:53:45,2021-10-14 12:39:20,22.759722222222223,70.0
367199960,2021-10-15 13:18:00,2021-10-15 21:48:32,8.508888888888889,70.0
367199960,2021-10-16 13:16:13,2021-10-16 23:03:54,9.794722222222223,70.0
367199960,2021-10-17 13:14:02,2021-10-17 19:25:09,6.185277777777777,70.0
367199960,2021-10-17 20:23:38,2021-10-17 20:33:35,0.16583333333333333,70.0
367199960,2021-10-17 20:53:29,2021-10-17 20:56:35,0.051666666666666666,70.0
367199960,2021-10-17 21:41:49,2021-10-17 21:45:35,0.06277777777777778,70.0
367199960,2021-10-17 22:07:49,2021-10-17 22:21:36,0.22972222222222222,70.0
367199960,2021-10-17 22:49:58,2021-10-17 22:56:35,0.11027777777777778,70.0
367199960,2021-10-17 23:07:09,2021-10-17 23:13:36,0.1075,70.0
367199960,2021-10-18 13:12:25,2021-10-18 23:25:07,10.211666666666666,70.0
367199960,2021-10-19 13:15:28,2021-10-19 23:16:33,10.018055555555556,70.0
367199960,2021-10-20 13:15:43,2021-10-20 23:37:13,10.358333333333333,70.0
367199960,2021-10-20 23:46:12,2021-10-20 23:46:33,0.005833333333333334,70.0
367199960,2021-10-20 23:54:02,2021-10-20 23:54:53,0.014166666666666666,70.0
367199960,2021-10-21 13:18:16,2021-10-21 23:31:08,10.214444444444444,70.0
367199960,2021-10-22 11:00:06,2021-10-22 16:41:35,5.691388888888889,70.0
367438000,2021-10-24 11:23:12,2021-10-24 12:39:22,1.2694444444444444,70.0
367455580,2021-11-09 01:00:02,2021-11-09 01:14:33,0.24194444444444443,80.0
367455580,2021-11-09 02:42:33,2021-11-09 02:43:04,0.008611111111111111,80.0
367455580,2021-11-09 03:00:32,2021-11-09 03:01:04,0.008888888888888889,80.0
367578740,2021-10-05 19:57:35,2021-10-05 21:03:44,1.1025,70.0
367641230,2021-10-11 22:12:47,2021-10-11 23:11:36,0.9802777777777778,70.0
367641230,2021-10-25 22:11:21,2021-10-25 23:09:19,0.9661111111111111,70.0
367641230,2021-11-09 08:08:12,2021-11-09 09:14:03,1.0975,70.0
367688000,2021-10-02 21:43:18,2021-10-02 21:44:56,0.02722222222222222,80.0
367688000,2021-10-02 21:45:37,2021-10-05 19:38:51,69.88722222222222,80.0
367688000,2021-10-05 19:50:09,2021-10-05 19:50:10,0.0002777777777777778,80.0
367688000,2021-10-22 20:47:13,2021-10-22 22:23:03,1.5972222222222223,80.0
367688000,2021-10-25 04:10:28,2021-10-28 19:23:36,87.21888888888888,80.0
367719640,2021-10-01 05:08:13,2021-10-01 06:14:43,1.1083333333333334,70.0
367719640,2021-10-01 06:28:32,2021-10-01 23:31:00,17.04111111111111,70.0
367719640,2021-10-02 05:34:21,2021-10-02 06:43:10,1.1469444444444445,70.0
367719640,2021-10-02 06:45:49,2021-10-02 06:46:23,0.009444444444444445,70.0
367719640,2021-10-02 07:06:50,2021-10-04 23:19:10,64.20555555555555,70.0
367719640,2021-10-05 05:24:52,2021-10-05 06:28:51,1.0663888888888888,70.0
367719640,2021-10-05 06:45:10,2021-10-05 23:07:08,16.36611111111111,70.0
367719640,2021-10-06 05:08:19,2021-10-06 06:11:59,1.0611111111111111,70.0
367719640,2021-10-06 06:25:29,2021-10-06 23:20:43,16.920555555555556,70.0
367719640,2021-10-07 05:22:03,2021-10-07 06:26:24,1.0725,70.0
367719640,2021-10-07 06:41:14,2021-10-07 23:22:13,16.683055555555555,70.0
367719640,2021-10-07 23:35:29,2021-10-08 23:53:33,24.301111111111112,70.0
367719640,2021-10-09 06:05:49,2021-10-09 07:09:19,1.0583333333333333,70.0
367719640,2021-10-11 19:21:30,2021-10-12 15:55:09,20.560833333333335,70.0
367719640,2021-10-12 22:15:00,2021-10-12 23:20:50,1.0972222222222223,70.0
367719640,2021-10-12 23:38:20,2021-10-14 23:29:02,47.845,70.0
367719640,2021-10-15 05:52:12,2021-10-15 06:57:03,1.0808333333333333,70.0
367719640,2021-10-15 22:17:53,2021-10-15 23:10:04,0.8697222222222222,70.0
367719640,2021-10-16 05:17:13,2021-10-16 06:21:43,1.075,70.0
367719640,2021-10-16 06:36:14,2021-10-18 23:37:16,65.01722222222222,70.0
367719640,2021-10-19 05:56:35,2021-10-19 07:02:27,1.0977777777777777,70.0
367719640,2021-10-19 07:17:16,2021-10-19 23:22:28,16.086666666666666,70.0
367719640,2021-10-20 05:26:58,2021-10-20 06:29:08,1.0361111111111112,70.0
367719640,2021-10-20 06:43:58,2021-10-20 23:03:38,16.32777777777778,70.0
367719640,2021-10-21 05:21:18,2021-10-21 06:23:38,1.038888888888889,70.0
367719640,2021-10-21 06:37:47,2021-10-21 23:23:37,16.76388888888889,70.0
367719640,2021-10-22 05:39:57,2021-10-22 06:42:36,1.0441666666666667,70.0
367719640,2021-10-22 06:57:17,2021-10-22 23:21:55,16.410555555555554,70.0
367719640,2021-10-23 05:41:44,2021-10-23 06:48:05,1.1058333333333332,70.0
367719640,2021-10-23 07:05:55,2021-10-26 12:21:51,77.26555555555555,70.0
367719640,2021-10-26 18:11:37,2021-10-26 19:15:47,1.0694444444444444,70.0
367719640,2021-10-26 19:32:18,2021-10-28 07:32:00,35.995,70.0
367719640,2021-10-28 14:09:11,2021-10-28 15:13:30,1.0719444444444444,70.0
367719640,2021-10-28 15:29:12,2021-10-28 22:51:32,7.372222222222222,70.0
367719640,2021-10-29 06:33:28,2021-10-29 06:44:58,0.19166666666666668,70.0
367719640,2021-10-29 06:59:27,2021-10-29 23:15:16,16.26361111111111,70.0
367719640,2021-10-30 05:45:54,2021-10-30 06:52:53,1.1163888888888889,70.0
367719640,2021-10-30 07:07:53,2021-11-01 23:38:29,64.51,70.0
367719640,2021-11-02 05:55:19,2021-11-02 07:02:29,1.1194444444444445,70.0
367719640,2021-11-02 07:19:39,2021-11-02 23:34:04,16.240277777777777,70.0
367719640,2021-11-03 05:32:33,2021-11-03 06:37:44,1.0863888888888888,70.0
367719640,2021-11-03 06:51:43,2021-11-03 23:19:03,16.455555555555556,70.0
367719640,2021-11-04 05:50:13,2021-11-04 06:19:22,0.48583333333333334,70.0
367719640,2021-11-04 06:34:13,2021-11-04 23:22:12,16.799722222222222,70.0
367719640,2021-11-05 05:20:12,2021-11-05 23:38:46,18.309444444444445,70.0
367719640,2021-11-06 06:00:16,2021-11-06 11:06:06,5.097222222222222,70.0
367719640,2021-11-06 11:36:56,2021-11-09 10:08:15,70.52194444444444,70.0
367719640,2021-11-09 16:25:14,2021-11-09 17:28:05,1.0475,70.0
367719640,2021-11-09 17:46:05,2021-11-10 10:08:05,16.366666666666667,70.0
367719640,2021-11-10 17:00:06,2021-11-10 17:21:35,0.35805555555555557,70.0
367719640,2021-11-10 22:07:26,2021-11-11 10:31:09,12.395277777777778,70.0
367719640,2021-11-11 16:03:38,2021-11-11 17:05:59,1.0391666666666666,70.0
367719640,2021-11-11 17:19:28,2021-11-12 23:33:48,30.238888888888887,70.0
367719640,2021-11-13 05:42:13,2021-11-13 06:43:52,1.0275,70.0
367719640,2021-11-13 07:00:03,2021-11-13 11:46:53,4.780555555555556,70.0
367776050,2021-10-01 15:00:03,2021-10-01 20:25:54,5.430833333333333,70.0
367776050,2021-10-01 20:26:55,2021-10-01 20:52:23,0.42444444444444446,70.0
367776050,2021-10-01 20:53:14,2021-10-01 21:30:35,0.6225,70.0
367776050,2021-10-01 22:19:24,2021-10-01 22:19:24,0.0,70.0
367776050,2021-10-01 23:07:04,2021-10-04 13:36:05,62.48361111111111,70.0
367776050,2021-10-23 04:36:21,2021-10-23 04:39:01,0.044444444444444446,70.0
367776050,2021-10-28 17:00:08,2021-10-28 17:01:18,0.019444444444444445,70.0
367776050,2021-11-05 15:00:01,2021-11-05 20:27:01,5.45,70.0
367776050,2021-11-05 20:27:21,2021-11-05 21:50:01,1.3777777777777778,70.0
367776050,2021-11-05 22:01:51,2021-11-05 22:02:22,0.008611111111111111,70.0
367776050,2021-11-05 22:56:21,2021-11-05 22:57:01,0.011111111111111112,70.0
367776050,2021-11-05 23:04:50,2021-11-05 23:05:31,0.01138888888888889,70.0
367776050,2021-11-05 23:15:01,2021-11-05 23:15:51,0.013888888888888888,70.0
367782370,2021-11-03 21:03:56,2021-11-03 21:59:26,0.925,70.0
368305000,2021-10-10 18:34:48,2021-10-10 20:04:47,1.4997222222222222,70.0
368305000,2021-11-14 11:15:19,2021-11-14 12:41:01,1.4283333333333332,70.0
368305000,2021-11-14 17:04:19,2021-11-14 17:06:15,0.03222222222222222,70.0
368305000,2021-11-14 17:26:50,2021-11-14 17:27:18,0.0077777777777777776,70.0
368305000,2021-11-14 17:42:49,2021-11-14 17:45:19,0.041666666666666664,70.0
369040000,2021-10-18 21:00:01,2021-10-18 22:16:51,1.2805555555555554,80.0
369042000,2021-10-06 02:00:07,2021-10-06 03:08:48,1.1447222222222222,80.0
369042000,2021-10-06 07:33:57,2021-10-06 07:34:18,0.005833333333333334,80.0
369042000,2021-10-06 08:09:18,2021-10-06 08:10:16,0.01611111111111111,80.0
369042000,2021-10-06 08:43:18,2021-10-06 08:46:17,0.04972222222222222,80.0
369042000,2021-10-08 12:12:49,2021-10-10 21:37:53,57.41777777777778,80.0
369042000,2021-10-23 01:14:18,2021-10-23 02:40:38,1.4388888888888889,80.0
369207000,2021-10-31 10:18:52,2021-10-31 12:26:31,2.1275,70.0
369207000,2021-10-31 17:15:41,2021-10-31 17:18:26,0.04583333333333333,70.0
369207000,2021-11-04 02:01:00,2021-11-04 07:09:06,5.135,70.0
369209000,2021-10-17 10:38:24,2021-10-17 11:34:23,0.9330555555555555,70.0
369272000,2021-10-27 01:15:42,2021-10-27 02:34:03,1.3058333333333334,80.0
369296000,2021-10-03 13:01:19,2021-10-03 14:08:50,1.1252777777777778,70.0
369296000,2021-10-03 19:40:00,2021-10-03 19:42:46,0.04611111111111111,70.0
369296000,2021-11-07 13:00:01,2021-11-07 14:00:01,1.0,70.0
369296000,2021-11-07 15:44:41,2021-11-07 15:47:40,0.04972222222222222,70.0
369326000,2021-10-21 20:19:55,2021-10-21 21:44:25,1.4083333333333334,70.0
369339000,2021-10-19 00:12:56,2021-10-19 01:26:35,1.2275,71.0
369751000,2021-11-08 02:56:16,2021-11-08 04:01:18,1.083888888888889,70.0
370320000,2021-10-19 20:01:16,2021-10-19 21:05:55,1.0775,70.0
370867000,2021-10-25 20:12:46,2021-10-25 22:10:35,1.9636111111111112,70.0
370892000,2021-10-01 00:00:26,2021-10-10 14:01:39,230.02027777777778,70.0
370892000,2021-10-10 18:38:28,2021-10-10 18:40:39,0.03638888888888889,70.0
370892000,2021-10-10 18:49:48,2021-10-10 18:52:38,0.04722222222222222,70.0
370892000,2021-10-17 03:00:09,2021-10-17 08:02:31,5.039444444444444,70.0
370930000,2021-10-12 14:34:23,2021-10-16 16:02:11,97.46333333333334,70.0
370930000,2021-10-16 16:20:02,2021-10-18 17:08:51,48.81361111111111,70.0
370930000,2021-10-19 11:38:01,2021-10-19 13:03:52,1.4308333333333334,70.0
371274000,2021-10-01 00:01:33,2021-10-07 10:16:21,154.24666666666667,74.0
371384000,2021-10-27 10:16:02,2021-10-27 12:18:43,2.044722222222222,70.0
371410000,2021-10-17 01:29:47,2021-10-17 04:01:01,2.5205555555555557,79.0
371410000,2021-10-17 08:00:37,2021-10-17 08:01:31,0.015,79.0
371410000,2021-10-17 08:09:28,2021-10-17 08:10:28,0.016666666666666666,79.0
371410000,2021-10-17 08:12:07,2021-10-17 08:13:30,0.023055555555555555,79.0
371410000,2021-10-17 08:15:37,2021-10-17 08:16:30,0.014722222222222222,79.0
371410000,2021-10-17 08:21:18,2021-10-17 08:22:29,0.01972222222222222,79.0
371410000,2021-10-17 08:27:08,2021-10-17 08:28:29,0.0225,79.0
371410000,2021-10-17 08:46:07,2021-10-17 09:01:32,0.2569444444444444,79.0
371410000,2021-10-22 02:33:08,2021-10-22 07:56:58,5.397222222222222,79.0
371414000,2021-10-06 04:38:30,2021-10-06 06:14:31,1.6002777777777777,80.0
371414000,2021-10-06 06:35:00,2021-10-06 06:55:11,0.3363888888888889,80.0
371414000,2021-10-07 00:02:23,2021-10-07 00:23:03,0.34444444444444444,80.0
371449000,2021-10-08 12:12:05,2021-10-19 10:29:40,262.29305555555555,70.0
371449000,2021-10-22 23:35:14,2021-10-22 23:51:45,0.2752777777777778,70.0
371518000,2021-11-13 14:58:40,2021-11-13 16:25:49,1.4525,70.0
371518000,2021-11-13 17:00:10,2021-11-13 22:12:10,5.2,70.0
371518000,2021-11-13 22:13:46,2021-11-13 22:14:39,0.014722222222222222,70.0
371518000,2021-11-13 22:16:47,2021-11-14 10:18:01,12.020555555555555,70.0
371618000,2021-10-21 10:56:07,2021-10-21 12:04:46,1.1441666666666668,70.0
371713000,2021-10-01 13:25:28,2021-10-01 18:23:19,4.964166666666666,80.0
372111000,2021-10-07 17:08:08,2021-10-07 18:14:08,1.1,80.0
372111000,2021-10-07 19:42:46,2021-10-08 12:16:00,16.55388888888889,80.0
372260000,2021-10-07 07:24:10,2021-10-07 09:03:30,1.6555555555555554,70.0
372424000,2021-11-14 12:00:04,2021-11-14 14:00:03,1.9997222222222222,70.0
372424000,2021-11-14 15:40:34,2021-11-14 15:41:10,0.01,70.0
372424000,2021-11-14 15:49:14,2021-11-14 15:50:11,0.015833333333333335,70.0
372424000,2021-11-14 15:52:24,2021-11-14 15:53:10,0.012777777777777779,70.0
372424000,2021-11-14 16:00:44,2021-11-14 16:02:10,0.02388888888888889,70.0
372424000,2021-11-14 17:08:04,2021-11-14 17:08:10,0.0016666666666666668,70.0
372424000,2021-11-14 17:34:53,2021-11-14 17:35:10,0.004722222222222222,70.0
372424000,2021-11-14 18:19:34,2021-11-14 18:20:10,0.01,70.0
372733000,2021-10-12 19:05:37,2021-10-12 20:35:58,1.5058333333333334,70.0
372733000,2021-10-12 21:33:57,2021-10-24 02:37:34,269.0602777777778,70.0
372955000,2021-11-09 10:37:56,2021-11-09 11:57:36,1.3277777777777777,70.0
372955000,2021-11-09 12:12:06,2021-11-09 12:33:57,0.3641666666666667,70.0
372955000,2021-11-11 12:42:51,2021-11-11 13:04:01,0.3527777777777778,70.0
373048000,2021-11-13 07:00:06,2021-11-13 08:00:06,1.0,70.0
373048000,2021-11-13 09:41:24,2021-11-13 09:43:36,0.03666666666666667,70.0
373048000,2021-11-13 12:30:04,2021-11-13 12:31:36,0.025555555555555557,70.0
373285000,2021-11-12 19:13:40,2021-11-12 20:30:29,1.2802777777777778,74.0
373445000,2021-10-06 15:39:51,2021-10-06 18:00:01,2.3361111111111112,70.0
373445000,2021-10-06 23:06:21,2021-10-06 23:10:53,0.07555555555555556,70.0
373470000,2021-10-28 23:07:54,2021-10-29 00:32:33,1.4108333333333334,70.0
373470000,2021-10-30 00:54:20,2021-10-30 01:33:22,0.6505555555555556,70.0
373470000,2021-10-30 02:09:17,2021-10-30 02:15:21,0.10111111111111111,70.0
373470000,2021-10-30 02:24:23,2021-10-30 02:27:21,0.049444444444444444,70.0
373470000,2021-10-30 02:54:20,2021-10-30 03:06:17,0.19916666666666666,70.0
373470000,2021-10-30 03:12:21,2021-10-30 03:30:21,0.3,70.0
373470000,2021-11-01 01:51:33,2021-11-01 03:03:35,1.2005555555555556,70.0
373470000,2021-11-01 21:54:34,2021-11-01 22:57:34,1.05,70.0
373470000,2021-11-03 23:48:53,2021-11-03 23:57:56,0.15083333333333335,70.0
373635000,2021-10-09 16:17:43,2021-10-09 17:37:34,1.3308333333333333,70.0
373656000,2021-10-18 22:38:16,2021-10-18 23:38:07,0.9975,70.0
373712000,2021-10-24 10:20:32,2021-10-24 11:39:22,1.3138888888888889,70.0
373712000,2021-10-24 12:33:11,2021-11-01 11:56:59,191.39666666666668,70.0
374090000,2021-11-02 00:30:37,2021-11-02 02:04:39,1.5672222222222223,70.0
374504000,2021-10-31 12:00:00,2021-10-31 13:32:40,1.5444444444444445,70.0
374815000,2021-11-07 22:26:22,2021-11-11 11:12:41,84.77194444444444,70.0
374968000,2021-10-05 03:58:35,2021-10-05 05:27:44,1.4858333333333333,70.0
413996000,2021-11-05 14:00:05,2021-11-05 15:03:36,1.0586111111111112,70.0
413996000,2021-11-05 18:12:26,2021-11-05 18:13:52,0.02388888888888889,70.0
413996000,2021-11-05 18:13:57,2021-11-05 18:16:52,0.04861111111111111,70.0
413996000,2021-11-05 18:23:56,2021-11-05 18:25:52,0.03222222222222222,70.0
413996000,2021-11-05 18:39:25,2021-11-05 18:40:53,0.024444444444444446,70.0
413996000,2021-11-05 18:55:26,2021-11-05 18:55:53,0.0075,70.0
413996000,2021-11-05 19:13:46,2021-11-05 19:13:53,0.0019444444444444444,70.0
414031000,2021-10-29 22:37:25,2021-10-30 01:05:57,2.4755555555555557,70.0
414031000,2021-10-30 06:05:22,2021-10-30 06:05:55,0.009166666666666667,70.0
414031000,2021-10-30 06:07:45,2021-10-30 06:08:56,0.01972222222222222,70.0
414031000,2021-11-01 17:44:22,2021-11-01 18:53:13,1.1475,70.0
414195000,2021-11-10 09:01:14,2021-11-10 10:54:25,1.886388888888889,70.0
414195000,2021-11-10 14:21:14,2021-11-10 14:23:04,0.030555555555555555,70.0
414239000,2021-10-01 00:00:05,2021-10-01 15:06:57,15.114444444444445,70.0
414239000,2021-10-07 14:26:49,2021-10-07 15:27:49,1.0166666666666666,70.0
414246000,2021-10-31 22:33:23,2021-11-01 00:40:43,2.1222222222222222,70.0
414246000,2021-11-01 01:40:43,2021-11-01 17:40:43,16.0,70.0
414246000,2021-11-01 18:01:40,2021-11-01 18:13:41,0.20027777777777778,70.0
414246000,2021-11-01 18:16:40,2021-11-01 20:19:41,2.0502777777777776,70.0
414246000,2021-11-01 21:52:42,2021-11-01 23:07:43,1.2502777777777778,70.0
414246000,2021-11-01 23:19:42,2021-11-02 04:34:40,5.249444444444444,70.0
414246000,2021-11-02 05:37:43,2021-11-02 12:01:43,6.4,70.0
414246000,2021-11-02 12:52:41,2021-11-02 20:40:42,7.800277777777778,70.0
414246000,2021-11-02 23:49:40,2021-11-03 00:13:40,0.4,70.0
414246000,2021-11-03 00:25:40,2021-11-03 09:22:43,8.950833333333334,70.0
414246000,2021-11-03 14:40:41,2021-11-03 17:46:43,3.1005555555555557,70.0
414246000,2021-11-03 18:55:42,2021-11-03 19:10:43,0.25027777777777777,70.0
414246000,2021-11-03 22:10:40,2021-11-03 22:13:42,0.050555555555555555,70.0
414246000,2021-11-03 23:10:40,2021-11-03 23:19:40,0.15,70.0
414246000,2021-11-03 23:31:42,2021-11-04 08:04:40,8.549444444444445,70.0
414246000,2021-11-04 14:43:42,2021-11-04 18:07:42,3.4,70.0
414246000,2021-11-04 19:50:42,2021-11-04 19:52:43,0.03361111111111111,70.0
414246000,2021-11-04 22:25:41,2021-11-04 22:31:43,0.10055555555555555,70.0
414246000,2021-11-04 23:19:41,2021-11-04 23:58:43,0.6505555555555556,70.0
414246000,2021-11-05 00:01:41,2021-11-05 00:04:41,0.05,70.0
414246000,2021-11-05 00:13:43,2021-11-05 00:28:42,0.24972222222222223,70.0
414246000,2021-11-05 00:52:39,2021-11-05 01:10:40,0.30027777777777775,70.0
414246000,2021-11-05 02:13:40,2021-11-05 02:28:40,0.25,70.0
414246000,2021-11-05 04:16:42,2021-11-05 08:28:43,4.200277777777778,70.0
414246000,2021-11-05 11:07:40,2021-11-05 11:07:41,0.0002777777777777778,70.0
414246000,2021-11-06 04:40:40,2021-11-06 08:28:43,3.8008333333333333,70.0
414246000,2021-11-06 09:22:43,2021-11-06 09:37:43,0.25,70.0
414246000,2021-11-06 16:10:39,2021-11-06 19:01:40,2.850277777777778,70.0
414246000,2021-11-06 23:19:43,2021-11-07 07:01:41,7.6994444444444445,70.0
414246000,2021-11-07 12:40:42,2021-11-07 12:40:42,0.0,70.0
414246000,2021-11-07 13:01:43,2021-11-07 13:28:42,0.44972222222222225,70.0
414246000,2021-11-07 23:43:40,2021-11-07 23:52:40,0.15,70.0
414246000,2021-11-08 00:01:42,2021-11-08 00:10:40,0.14944444444444444,70.0
414246000,2021-11-08 00:19:43,2021-11-08 00:28:41,0.14944444444444444,70.0
414246000,2021-11-08 00:34:39,2021-11-08 00:52:39,0.3,70.0
414246000,2021-11-08 01:43:41,2021-11-08 03:25:41,1.7,70.0
414246000,2021-11-08 03:34:43,2021-11-08 04:25:43,0.85,70.0
414246000,2021-11-08 05:01:42,2021-11-08 05:34:42,0.55,70.0
414246000,2021-11-09 02:19:43,2021-11-09 14:49:42,12.499722222222223,70.0
414246000,2021-11-09 15:19:43,2021-11-09 16:31:42,1.1997222222222221,70.0
414246000,2021-11-09 20:40:42,2021-11-09 20:46:43,0.10027777777777777,70.0
414246000,2021-11-09 21:10:43,2021-11-09 21:19:43,0.15,70.0
414246000,2021-11-09 23:40:41,2021-11-10 00:37:42,0.9502777777777778,70.0
414246000,2021-11-10 00:43:41,2021-11-10 04:04:41,3.35,70.0
414246000,2021-11-10 04:10:40,2021-11-10 09:28:41,5.300277777777778,70.0
414246000,2021-11-10 23:46:41,2021-11-11 11:04:40,11.299722222222222,70.0
414246000,2021-11-11 11:19:42,2021-11-11 11:19:43,0.0002777777777777778,70.0
414246000,2021-11-11 12:22:41,2021-11-11 13:25:42,1.0502777777777779,70.0
414246000,2021-11-11 15:07:41,2021-11-11 17:31:40,2.399722222222222,70.0
414246000,2021-11-11 23:07:41,2021-11-11 23:13:40,0.09972222222222223,70.0
414246000,2021-11-11 23:16:41,2021-11-12 00:07:42,0.8502777777777778,70.0
414246000,2021-11-12 03:31:41,2021-11-12 04:34:43,1.0505555555555555,70.0
414246000,2021-11-12 04:37:41,2021-11-12 14:55:42,10.300277777777778,70.0
414246000,2021-11-12 15:10:41,2021-11-12 15:55:41,0.75,70.0
414246000,2021-11-12 16:49:41,2021-11-12 16:55:43,0.10055555555555555,70.0
414246000,2021-11-12 17:04:41,2021-11-12 17:07:43,0.050555555555555555,70.0
414246000,2021-11-12 17:16:40,2021-11-12 17:37:40,0.35,70.0
414246000,2021-11-12 18:10:40,2021-11-12 18:13:43,0.050833333333333335,70.0
414246000,2021-11-12 18:37:43,2021-11-12 18:49:42,0.19972222222222222,70.0
414246000,2021-11-12 20:31:41,2021-11-13 02:04:42,5.550277777777778,70.0
414246000,2021-11-13 02:28:42,2021-11-13 03:16:41,0.7997222222222222,70.0
414246000,2021-11-13 07:10:43,2021-11-13 07:40:42,0.49972222222222223,70.0
414246000,2021-11-13 07:55:42,2021-11-13 07:58:41,0.04972222222222222,70.0
414246000,2021-11-13 08:01:43,2021-11-13 08:31:40,0.49916666666666665,70.0
414246000,2021-11-13 11:58:41,2021-11-13 13:50:43,1.8672222222222221,70.0
414246000,2021-11-13 13:52:41,2021-11-13 18:01:43,4.150555555555556,70.0
414246000,2021-11-13 20:17:44,2021-11-13 20:19:43,0.03305555555555555,70.0
414246000,2021-11-14 02:25:42,2021-11-14 04:58:42,2.55,70.0
414246000,2021-11-14 08:40:41,2021-11-14 10:07:40,1.4497222222222221,70.0
414246000,2021-11-14 10:10:43,2021-11-14 12:02:43,1.8666666666666667,70.0
414246000,2021-11-14 12:04:42,2021-11-14 19:55:43,7.8502777777777775,70.0
414246000,2021-11-14 22:19:41,2021-11-14 22:52:41,0.55,70.0
414334000,2021-10-03 10:00:01,2021-10-03 12:00:02,2.000277777777778,70.0
414334000,2021-10-03 16:15:21,2021-10-03 16:17:06,0.029166666666666667,70.0
414334000,2021-10-03 16:55:41,2021-10-03 16:56:05,0.006666666666666667,70.0
414334000,2021-10-03 17:00:02,2021-10-03 17:05:06,0.08444444444444445,70.0
414348000,2021-10-01 00:01:38,2021-10-28 16:26:21,664.4119444444444,70.0
414348000,2021-10-29 21:21:46,2021-11-04 08:04:49,130.7175,70.0
414348000,2021-11-13 12:39:22,2021-11-13 13:03:23,0.4002777777777778,70.0
414349000,2021-10-01 00:01:21,2021-10-15 14:47:39,350.77166666666665,70.0
416468000,2021-10-15 17:34:25,2021-10-15 19:01:15,1.4472222222222222,70.0
416468000,2021-10-30 01:35:01,2021-10-30 01:55:10,0.3358333333333333,70.0
416482000,2021-11-08 10:17:09,2021-11-08 11:55:21,1.6366666666666667,70.0
416495000,2021-11-04 04:00:06,2021-11-04 05:02:26,1.038888888888889,70.0
416495000,2021-11-04 16:48:36,2021-11-04 16:50:26,0.030555555555555555,70.0
416495000,2021-11-04 17:08:25,2021-11-04 17:08:26,0.0002777777777777778,70.0
416495000,2021-11-04 17:10:06,2021-11-04 17:11:26,0.022222222222222223,70.0
416495000,2021-11-04 17:12:36,2021-11-04 17:14:26,0.030555555555555555,70.0
416495000,2021-11-04 17:15:06,2021-11-04 17:17:26,0.03888888888888889,70.0
416495000,2021-11-04 17:27:25,2021-11-04 17:29:26,0.03361111111111111,70.0
416495000,2021-11-04 17:30:36,2021-11-04 17:32:26,0.030555555555555555,70.0
416495000,2021-11-04 17:34:36,2021-11-04 17:35:26,0.013888888888888888,70.0
416495000,2021-11-04 17:39:25,2021-11-04 17:41:26,0.03361111111111111,70.0
416495000,2021-11-11 13:00:03,2021-11-11 14:40:52,1.6802777777777778,70.0
416497000,2021-10-15 11:06:57,2021-10-15 12:23:27,1.275,70.0
416497000,2021-10-15 13:17:28,2021-10-22 12:33:23,167.26527777777778,70.0
431009000,2021-11-05 11:00:00,2021-11-05 12:12:11,1.2030555555555555,70.0
431009000,2021-11-05 16:51:21,2021-11-05 17:00:45,0.15666666666666668,70.0
431009000,2021-11-05 17:20:30,2021-11-05 17:21:42,0.02,70.0
431009000,2021-11-05 17:25:11,2021-11-05 17:27:46,0.043055555555555555,70.0
431009000,2021-11-05 17:36:30,2021-11-05 17:36:43,0.003611111111111111,70.0
431027000,2021-10-06 03:27:55,2021-10-06 03:47:45,0.33055555555555555,79.0
431332000,2021-11-09 23:06:20,2021-11-10 14:04:32,14.97,70.0
431496000,2021-10-30 18:47:46,2021-10-30 20:09:06,1.3555555555555556,70.0
431496000,2021-11-10 13:00:00,2021-11-10 13:21:31,0.3586111111111111,70.0
431501000,2021-10-28 21:55:40,2021-10-28 23:13:20,1.2944444444444445,70.0
431554000,2021-10-23 11:00:08,2021-10-23 12:10:27,1.1719444444444445,70.0
431772000,2021-10-12 19:46:02,2021-10-27 12:01:18,352.25444444444446,71.0
431772000,2021-11-11 02:00:05,2021-11-11 06:03:15,4.052777777777778,71.0
431851000,2021-10-25 23:37:04,2021-10-26 01:08:32,1.5244444444444445,70.0
431921000,2021-10-11 02:38:09,2021-10-11 04:08:10,1.5002777777777778,79.0
431921000,2021-10-11 04:23:51,2021-10-11 04:42:10,0.30527777777777776,79.0
431921000,2021-10-12 00:11:50,2021-10-12 00:30:19,0.3080555555555556,79.0
432633000,2021-10-18 09:51:28,2021-10-18 11:04:48,1.2222222222222223,70.0
432664000,2021-10-09 18:50:10,2021-10-09 20:08:09,1.2997222222222222,70.0
432839000,2021-11-03 11:28:15,2021-11-03 13:00:05,1.5305555555555554,70.0
432839000,2021-11-03 17:40:15,2021-11-03 17:42:44,0.04138888888888889,70.0
441318000,2021-10-17 14:45:55,2021-10-17 16:01:06,1.2530555555555556,80.0
441318000,2021-10-17 16:17:34,2021-10-17 16:35:25,0.2975,80.0
441318000,2021-10-19 05:02:31,2021-10-19 05:19:51,0.28888888888888886,80.0
441318000,2021-10-21 15:07:17,2021-10-21 15:24:58,0.2947222222222222,80.0
441487000,2021-10-06 12:57:14,2021-10-11 11:59:05,119.03083333333333,70.0
441487000,2021-10-15 07:14:11,2021-10-15 07:39:26,0.42083333333333334,70.0
441736000,2021-11-06 19:06:43,2021-11-06 20:01:14,0.9086111111111111,71.0
441736000,2021-11-06 21:34:17,2021-11-07 00:12:19,2.633888888888889,71.0
441992000,2021-11-01 12:55:22,2021-11-01 14:56:30,2.0188888888888887,70.0
477002500,2021-11-08 19:32:35,2021-11-08 20:55:55,1.3888888888888888,70.0
477002500,2021-11-09 06:00:08,2021-11-09 10:29:49,4.494722222222222,70.0
477047800,2021-11-07 09:49:10,2021-11-07 11:17:11,1.4669444444444444,80.0
477047800,2021-11-09 04:14:37,2021-11-09 04:32:37,0.3,80.0
477067800,2021-10-20 10:56:34,2021-10-20 12:41:03,1.7413888888888889,70.0
477067900,2021-10-29 10:42:57,2021-10-29 12:01:16,1.3052777777777778,70.0
477096300,2021-10-01 00:00:46,2021-10-10 10:36:34,226.59666666666666,71.0
477107200,2021-10-06 04:08:02,2021-10-09 12:53:07,80.75138888888888,70.0
477110700,2021-10-01 13:15:26,2021-10-01 13:34:15,0.3136111111111111,80.0
477117400,2021-11-03 10:58:07,2021-11-03 12:08:17,1.1694444444444445,70.0
477117400,2021-11-04 11:41:46,2021-11-04 12:01:15,0.32472222222222225,70.0
477117900,2021-10-12 23:32:34,2021-10-24 21:11:25,285.6475,70.0
477139800,2021-10-13 13:31:54,2021-10-13 15:09:35,1.6280555555555556,70.0
477139800,2021-10-18 22:10:20,2021-10-18 23:20:09,1.1636111111111112,70.0
477139800,2021-11-01 13:17:40,2021-11-03 10:24:07,45.1075,70.0
477162500,2021-11-11 02:00:05,2021-11-11 04:01:35,2.025,80.0
477162500,2021-11-11 07:00:54,2021-11-11 07:01:41,0.013055555555555556,80.0
477162500,2021-11-11 07:29:05,2021-11-11 07:31:41,0.043333333333333335,80.0
477162500,2021-11-11 07:52:54,2021-11-11 07:55:36,0.045,80.0
477162500,2021-11-11 07:59:04,2021-11-11 08:01:40,0.043333333333333335,80.0
477162500,2021-11-11 08:03:34,2021-11-11 08:04:40,0.018333333333333333,80.0
477166600,2021-11-12 20:40:39,2021-11-12 22:31:58,1.8552777777777778,71.0
477170700,2021-10-24 23:39:29,2021-10-25 01:32:41,1.8866666666666667,80.0
477170800,2021-10-30 22:41:15,2021-10-31 00:00:07,1.3144444444444445,80.0
477189300,2021-10-05 10:35:43,2021-10-05 10:56:34,0.3475,70.0
477194600,2021-10-19 09:37:18,2021-10-19 11:03:28,1.4361111111111111,71.0
477219900,2021-10-31 10:12:48,2021-10-31 11:32:26,1.3272222222222223,71.0
477220200,2021-10-10 19:44:46,2021-10-16 11:40:07,135.9225,70.0
477232300,2021-10-25 11:45:45,2021-10-25 14:23:25,2.6277777777777778,80.0
477257100,2021-11-04 10:48:29,2021-11-04 12:11:29,1.3833333333333333,70.0
477257100,2021-11-04 23:39:20,2021-11-04 23:40:19,0.01638888888888889,70.0
477257100,2021-11-04 23:52:48,2021-11-04 23:55:19,0.041944444444444444,70.0
477257100,2021-11-04 23:56:18,2021-11-04 23:58:19,0.03361111111111111,70.0
477257100,2021-11-11 14:02:24,2021-11-11 18:11:14,4.147222222222222,70.0
477257900,2021-11-06 16:00:09,2021-11-06 17:00:10,1.0002777777777778,70.0
477257900,2021-11-06 21:41:49,2021-11-06 21:42:13,0.006666666666666667,70.0
477257900,2021-11-06 22:31:39,2021-11-06 22:33:17,0.02722222222222222,70.0
477271300,2021-10-01 00:02:36,2021-10-07 12:19:03,156.27416666666667,70.0
477271300,2021-10-15 11:28:32,2021-10-15 11:46:30,0.29944444444444446,70.0
477271400,2021-10-14 12:38:16,2021-10-14 14:00:06,1.363888888888889,71.0
477271400,2021-10-14 19:03:26,2021-10-14 19:05:14,0.03,71.0
477271400,2021-10-14 19:15:27,2021-10-14 19:17:19,0.03111111111111111,71.0
477276400,2021-10-30 01:56:43,2021-10-30 02:53:45,0.9505555555555556,80.0
477293600,2021-10-24 17:37:17,2021-10-24 18:46:38,1.1558333333333333,70.0
477441800,2021-11-08 11:21:47,2021-11-08 12:50:56,1.4858333333333333,70.0
477528400,2021-10-11 09:41:01,2021-10-11 10:58:51,1.2972222222222223,73.0
477528400,2021-10-24 11:51:53,2021-10-24 12:11:32,0.3275,73.0
477534800,2021-10-15 20:36:50,2021-10-15 21:58:30,1.3611111111111112,80.0
477534800,2021-10-17 23:25:48,2021-10-17 23:47:41,0.3647222222222222,80.0
477538300,2021-10-18 00:36:57,2021-10-18 01:36:47,0.9972222222222222,70.0
477547200,2021-10-10 18:07:40,2021-10-10 19:16:10,1.1416666666666666,80.0
477547200,2021-10-13 13:03:46,2021-10-13 13:21:16,0.2916666666666667,80.0
477587000,2021-10-31 14:14:52,2021-11-05 19:00:05,124.75361111111111,70.0
477587000,2021-11-05 22:03:45,2021-11-05 22:03:50,0.001388888888888889,70.0
477587000,2021-11-05 22:16:14,2021-11-05 22:18:50,0.043333333333333335,70.0
477587000,2021-11-05 22:48:44,2021-11-05 22:48:50,0.0016666666666666668,70.0
477587000,2021-11-05 23:11:04,2021-11-05 23:12:50,0.029444444444444443,70.0
477587000,2021-11-08 00:17:04,2021-11-08 00:35:54,0.3138888888888889,70.0
477607700,2021-10-24 11:00:10,2021-10-24 12:05:40,1.0916666666666666,70.0
477620700,2021-10-11 11:33:15,2021-10-11 11:53:34,0.3386111111111111,70.0
477620700,2021-10-12 12:36:05,2021-10-12 12:54:23,0.305,70.0
477620700,2021-10-12 13:32:34,2021-10-29 11:35:11,406.0436111111111,70.0
477637600,2021-10-15 12:00:06,2021-10-15 12:10:26,0.17222222222222222,70.0
477637600,2021-10-23 14:17:46,2021-10-23 14:35:36,0.2972222222222222,70.0
477654500,2021-10-03 11:32:54,2021-10-03 11:50:15,0.2891666666666667,70.0
477654600,2021-10-20 19:33:49,2021-10-20 21:00:00,1.436388888888889,70.0
477654600,2021-10-20 21:17:09,2021-10-20 21:36:20,0.31972222222222224,70.0
477654600,2021-10-23 01:09:58,2021-10-23 01:28:37,0.31083333333333335,70.0
477684600,2021-10-01 13:18:30,2021-10-01 13:19:31,0.016944444444444446,70.0
477684600,2021-10-01 13:52:10,2021-10-01 13:52:31,0.005833333333333334,70.0
477684600,2021-10-01 14:01:39,2021-10-01 14:04:31,0.04777777777777778,70.0
477684600,2021-10-02 09:34:57,2021-10-02 09:54:36,0.3275,70.0
477684600,2021-10-28 12:00:04,2021-10-28 13:07:03,1.1163888888888889,70.0
477686700,2021-10-15 03:16:03,2021-10-15 03:34:23,0.3055555555555556,70.0
477706900,2021-10-10 10:16:13,2021-10-10 11:28:23,1.2027777777777777,74.0
477706900,2021-10-10 12:21:02,2021-10-14 12:38:23,96.28916666666667,74.0
477732100,2021-10-20 07:18:20,2021-10-20 09:00:01,1.6947222222222222,79.0
477732100,2021-10-20 16:37:01,2021-10-20 16:42:46,0.09583333333333334,79.0
477737800,2021-10-23 16:15:43,2021-10-27 12:40:26,92.41194444444444,71.0
477738500,2021-11-03 10:45:46,2021-11-03 12:21:58,1.6033333333333333,70.0
477738500,2021-11-06 11:01:15,2021-11-06 14:35:05,3.563888888888889,70.0
477770700,2021-11-13 20:00:02,2021-11-13 21:05:53,1.0975,70.0
477776200,2021-10-25 09:57:24,2021-10-25 12:14:14,2.2805555555555554,71.0
477794000,2021-11-06 07:26:03,2021-11-06 09:00:01,1.566111111111111,70.0
477794000,2021-11-07 03:00:02,2021-11-07 04:17:32,1.2916666666666667,70.0
477802500,2021-11-08 22:18:13,2021-11-09 00:05:41,1.791111111111111,70.0
477802500,2021-11-09 00:27:03,2021-11-09 22:35:30,22.140833333333333,70.0
477829700,2021-10-05 19:22:55,2021-10-05 20:52:44,1.4969444444444444,70.0
477830800,2021-10-12 15:45:57,2021-10-18 12:32:21,140.77333333333334,70.0
477830800,2021-10-25 11:45:45,2021-10-25 12:02:26,0.27805555555555556,70.0
477832500,2021-10-09 11:56:45,2021-10-09 13:46:36,1.8308333333333333,70.0
477848700,2021-10-22 12:44:41,2021-11-14 15:02:26,554.2958333333333,70.0
477897700,2021-10-07 15:04:44,2021-10-31 19:08:23,580.0608333333333,70.0
477897700,2021-10-31 19:22:33,2021-11-01 10:45:17,15.37888888888889,70.0
477897700,2021-11-04 05:56:22,2021-11-04 06:15:52,0.325,70.0
477897700,2021-11-04 07:00:01,2021-11-04 08:01:53,1.031111111111111,70.0
477914200,2021-10-01 00:02:56,2021-10-16 17:57:02,377.90166666666664,70.0
477914200,2021-10-26 00:05:47,2021-10-26 01:11:07,1.0888888888888888,70.0
477914200,2021-10-26 01:25:56,2021-10-26 01:46:00,0.33444444444444443,70.0
477914200,2021-10-29 00:54:30,2021-10-29 01:08:50,0.2388888888888889,70.0
477933000,2021-10-22 16:59:00,2021-10-22 18:00:09,1.0191666666666668,70.0
477933000,2021-11-04 17:59:01,2021-11-04 20:20:36,2.359722222222222,70.0
477933000,2021-11-04 20:22:05,2021-11-04 20:59:36,0.6252777777777778,70.0
477933000,2021-11-04 21:01:05,2021-11-04 22:59:36,1.9752777777777777,70.0
477933000,2021-11-04 23:01:05,2021-11-04 23:37:31,0.6072222222222222,70.0
477933000,2021-11-04 23:40:05,2021-11-11 19:26:52,163.77972222222223,70.0
477933000,2021-11-11 19:44:12,2021-11-11 20:07:42,0.39166666666666666,70.0
477933000,2021-11-11 20:45:34,2021-11-11 21:02:43,0.28583333333333333,70.0
477933000,2021-11-11 21:10:52,2021-11-11 21:11:43,0.014166666666666666,70.0
477933000,2021-11-11 21:25:23,2021-11-11 21:26:43,0.022222222222222223,70.0
477933000,2021-11-11 22:39:33,2021-11-11 22:41:43,0.03611111111111111,70.0
477933000,2021-11-13 02:22:11,2021-11-13 02:41:01,0.3138888888888889,70.0
538002271,2021-11-07 09:04:43,2021-11-07 10:21:31,1.28,80.0
538002271,2021-11-07 15:06:02,2021-11-07 15:08:14,0.03666666666666667,80.0
538002946,2021-10-06 11:56:05,2021-10-06 13:08:14,1.2025,80.0
538002946,2021-10-06 19:16:49,2021-10-07 00:06:33,4.828888888888889,80.0
538002946,2021-10-07 01:11:54,2021-10-07 05:07:19,3.923611111111111,80.0
538002946,2021-10-07 06:01:26,2021-10-07 06:02:04,0.010555555555555556,80.0
538002946,2021-10-07 06:04:25,2021-10-07 12:10:34,6.1025,80.0
538002953,2021-10-01 08:51:33,2021-10-01 09:15:34,0.4002777777777778,70.0
538002953,2021-10-01 09:21:32,2021-10-01 09:42:33,0.3502777777777778,70.0
538002953,2021-10-01 09:48:35,2021-10-01 12:33:38,2.7508333333333335,70.0
538002953,2021-10-01 20:39:38,2021-10-01 21:27:36,0.7994444444444444,70.0
538002953,2021-10-02 07:48:37,2021-10-02 08:24:41,0.6011111111111112,70.0
538002953,2021-10-02 10:03:43,2021-10-02 11:09:37,1.0983333333333334,70.0
538002953,2021-10-04 03:06:52,2021-10-04 06:48:51,3.6997222222222224,70.0
538002953,2021-10-04 12:39:52,2021-10-04 14:12:50,1.5494444444444444,70.0
538002953,2021-10-05 00:19:01,2021-10-05 00:45:56,0.4486111111111111,70.0
538002953,2021-10-05 01:39:58,2021-10-05 02:09:59,0.5002777777777778,70.0
538002953,2021-10-05 10:37:01,2021-10-05 11:58:03,1.3505555555555555,70.0
538002953,2021-10-06 03:19:06,2021-10-06 04:22:06,1.05,70.0
538002953,2021-10-06 04:34:07,2021-10-06 05:28:06,0.8997222222222222,70.0
538002953,2021-10-07 04:13:15,2021-10-07 04:52:17,0.6505555555555556,70.0
538002953,2021-10-07 08:07:11,2021-10-07 08:43:13,0.6005555555555555,70.0
538002953,2021-10-12 10:44:17,2021-10-12 15:09:30,4.420277777777778,70.0
538002953,2021-10-12 15:27:30,2021-10-12 19:06:35,3.651388888888889,70.0
538002953,2021-10-13 02:09:38,2021-10-13 02:36:37,0.44972222222222225,70.0
538002953,2021-10-13 03:27:38,2021-10-13 03:48:38,0.35,70.0
538002953,2021-10-13 06:48:41,2021-10-13 08:27:40,1.6497222222222223,70.0
538002953,2021-10-13 13:45:43,2021-10-13 18:45:42,4.999722222222222,70.0
538002953,2021-10-15 02:21:49,2021-10-15 07:24:51,5.0505555555555555,70.0
538002953,2021-10-15 07:45:52,2021-10-15 09:18:52,1.55,70.0
538002953,2021-10-15 14:27:52,2021-10-15 18:23:55,3.9341666666666666,70.0
538002953,2021-10-15 18:24:51,2021-10-15 19:18:55,0.9011111111111111,70.0
538002953,2021-10-16 04:12:54,2021-10-16 07:04:01,2.8519444444444444,70.0
538002953,2021-10-16 07:45:58,2021-10-16 18:57:57,11.199722222222222,70.0
538002953,2021-10-16 21:45:01,2021-10-16 21:46:03,0.017222222222222222,70.0
538002953,2021-10-17 14:57:08,2021-10-17 15:05:39,0.14194444444444446,70.0
538002953,2021-10-17 18:42:32,2021-10-17 19:37:28,0.9155555555555556,70.0
538002953,2021-10-17 20:01:08,2021-10-17 20:15:38,0.24166666666666667,70.0
538002953,2021-10-17 20:29:03,2021-10-17 20:53:29,0.4072222222222222,70.0
538002953,2021-10-17 20:55:59,2021-10-18 08:35:04,11.651388888888889,70.0
538002953,2021-10-18 13:47:06,2021-10-18 14:35:12,0.8016666666666666,70.0
538002953,2021-10-18 15:02:08,2021-10-19 07:35:13,16.551388888888887,70.0
538002953,2021-10-19 11:26:13,2021-10-19 19:50:21,8.402222222222223,70.0
538002953,2021-10-20 02:41:17,2021-10-20 05:47:21,3.101111111111111,70.0
538002953,2021-10-20 06:29:19,2021-10-20 18:23:23,11.901111111111112,70.0
538002953,2021-10-20 19:08:25,2021-10-20 19:26:18,0.2980555555555556,70.0
538002953,2021-10-20 19:32:23,2021-10-21 05:17:25,9.750555555555556,70.0
538002953,2021-10-21 05:38:26,2021-10-21 15:14:28,9.600555555555555,70.0
538002953,2021-10-21 17:32:28,2021-10-23 11:08:38,41.602777777777774,70.0
538002953,2021-10-23 11:14:39,2021-10-23 11:47:41,0.5505555555555556,70.0
538002953,2021-10-23 12:05:35,2021-10-23 22:05:44,10.0025,70.0
538002953,2021-10-23 22:14:42,2021-10-24 08:44:41,10.499722222222223,70.0
538002953,2021-10-24 14:50:45,2021-10-24 19:02:45,4.2,70.0
538002953,2021-10-24 21:08:51,2021-10-24 22:23:44,1.2480555555555555,70.0
538002953,2021-10-24 22:35:47,2021-10-24 23:06:57,0.5194444444444445,70.0
538002953,2021-10-27 01:33:41,2021-10-27 04:54:45,3.351111111111111,70.0
538002953,2021-10-27 13:24:45,2021-10-27 13:44:46,0.33361111111111114,70.0
538002953,2021-10-29 11:25:42,2021-10-29 11:43:25,0.29527777777777775,70.0
538002955,2021-10-01 00:00:29,2021-10-07 15:08:04,159.1263888888889,70.0
538002955,2021-10-07 16:01:12,2021-10-07 21:23:35,5.373055555555555,70.0
538002955,2021-10-07 21:25:11,2021-10-10 13:00:02,63.58083333333333,70.0
538002955,2021-10-10 13:42:29,2021-10-10 13:44:40,0.03638888888888889,70.0
538002955,2021-10-10 17:55:49,2021-10-10 17:56:48,0.01638888888888889,70.0
538003181,2021-10-25 11:14:07,2021-10-25 12:32:27,1.3055555555555556,79.0
538003470,2021-11-05 00:25:48,2021-11-05 02:03:38,1.6305555555555555,80.0
538003470,2021-11-05 05:27:38,2021-11-05 05:28:19,0.01138888888888889,80.0
538003470,2021-11-05 06:34:15,2021-11-05 06:34:19,0.0011111111111111111,80.0
538003470,2021-11-09 01:00:05,2021-11-09 06:03:26,5.055833333333333,80.0
538003817,2021-10-04 19:36:19,2021-10-04 21:04:48,1.4747222222222223,70.0
538003929,2021-11-08 07:11:01,2021-11-08 08:27:51,1.2805555555555554,80.0
538003929,2021-11-08 08:44:00,2021-11-08 09:02:19,0.30527777777777776,80.0
538003929,2021-11-10 15:18:32,2021-11-10 15:36:44,0.30333333333333334,80.0
538003954,2021-11-06 22:48:12,2021-11-07 00:52:02,2.063888888888889,70.0
538004027,2021-11-03 20:10:36,2021-11-03 21:35:37,1.4169444444444443,80.0
538004027,2021-11-03 22:32:41,2021-11-04 13:24:45,14.867777777777778,80.0
538004167,2021-10-20 10:03:23,2021-10-20 11:34:14,1.5141666666666667,80.0
538004167,2021-10-20 11:54:03,2021-10-20 12:13:03,0.31666666666666665,80.0
538004167,2021-10-21 10:55:17,2021-10-21 11:13:06,0.29694444444444446,80.0
538004255,2021-10-21 11:18:14,2021-10-21 12:46:23,1.4691666666666667,80.0
538004329,2021-10-07 19:43:57,2021-10-07 20:00:01,0.2677777777777778,70.0
538004923,2021-10-23 18:56:43,2021-10-23 20:05:54,1.1530555555555555,70.0
538004923,2021-10-23 20:56:03,2021-10-24 04:34:37,7.642777777777778,70.0
538004923,2021-10-24 20:49:41,2021-10-25 06:28:42,9.650277777777777,70.0
538004923,2021-10-25 21:13:46,2021-10-26 07:25:46,10.2,70.0
538004923,2021-10-26 12:16:52,2021-10-26 17:01:47,4.748611111111111,70.0
538004923,2021-10-26 20:01:51,2021-10-26 21:49:53,1.8005555555555555,70.0
538005089,2021-11-05 01:00:14,2021-11-05 02:35:44,1.5916666666666666,80.0
538005089,2021-11-05 02:57:22,2021-11-05 21:07:03,18.16138888888889,80.0
538005089,2021-11-09 22:27:34,2021-11-09 22:45:25,0.2975,80.0
538005259,2021-10-31 10:06:50,2021-10-31 12:42:40,2.5972222222222223,70.0
538005259,2021-10-31 17:23:20,2021-10-31 17:26:17,0.049166666666666664,70.0
538005259,2021-10-31 17:34:50,2021-10-31 17:35:17,0.0075,70.0
538005308,2021-10-30 18:02:29,2021-10-30 19:18:31,1.2672222222222222,70.0
538005308,2021-10-30 21:28:51,2021-10-30 23:52:54,2.4008333333333334,70.0
538005308,2021-10-31 02:46:55,2021-10-31 02:49:52,0.049166666666666664,70.0
538005308,2021-10-31 03:07:50,2021-10-31 04:22:49,1.2497222222222222,70.0
538005308,2021-10-31 10:00:02,2021-10-31 14:44:21,4.738611111111111,70.0
538005443,2021-10-10 14:11:03,2021-10-10 15:44:23,1.5555555555555556,80.0
538005443,2021-11-05 22:59:45,2021-11-07 23:33:42,48.56583333333333,80.0
538005592,2021-10-08 14:04:58,2021-10-10 14:58:47,48.89694444444444,70.0
538005773,2021-11-01 10:45:42,2021-11-01 11:43:02,0.9555555555555556,80.0
538005773,2021-11-03 23:37:08,2021-11-03 23:53:19,0.2697222222222222,80.0
538005806,2021-10-07 12:10:45,2021-10-07 13:46:46,1.6002777777777777,80.0
538005994,2021-10-01 00:00:07,2021-10-03 17:03:29,65.05611111111111,80.0
538005994,2021-10-03 19:48:16,2021-10-03 19:48:31,0.004166666666666667,80.0
538005994,2021-10-03 19:55:37,2021-10-03 19:57:30,0.03138888888888889,80.0
538005994,2021-10-03 20:44:27,2021-10-03 20:54:31,0.16777777777777778,80.0
538005994,2021-10-03 21:28:27,2021-10-03 21:33:27,0.08333333333333333,80.0
538005994,2021-10-03 21:45:06,2021-10-03 21:52:07,0.11694444444444445,80.0
538005994,2021-10-04 13:33:36,2021-10-04 13:54:01,0.3402777777777778,80.0
538006446,2021-10-08 22:59:48,2021-10-09 01:07:07,2.1219444444444444,80.0
538006446,2021-10-09 01:31:17,2021-10-10 18:03:43,40.54055555555556,80.0
538006773,2021-10-19 12:23:18,2021-10-19 13:41:28,1.3027777777777778,80.0
538006773,2021-11-01 12:51:50,2021-11-01 14:08:21,1.2752777777777777,80.0
538006773,2021-11-04 18:22:38,2021-11-04 23:48:18,5.427777777777778,80.0
538006773,2021-11-11 08:00:03,2021-11-11 11:52:12,3.8691666666666666,80.0
538006773,2021-11-11 11:54:30,2021-11-11 20:15:13,8.345277777777778,80.0
538006773,2021-11-11 21:00:02,2021-11-11 23:00:52,2.013888888888889,80.0
538007377,2021-10-09 09:50:15,2021-10-09 11:13:45,1.3916666666666666,70.0
538007449,2021-10-06 12:18:29,2021-10-06 14:07:09,1.8111111111111111,70.0
538007449,2021-10-06 14:29:48,2021-10-07 05:57:36,15.463333333333333,70.0
538007465,2021-10-18 02:10:47,2021-10-18 03:37:18,1.4419444444444445,80.0
538007465,2021-10-18 04:54:26,2021-10-18 09:24:30,4.501111111111111,80.0
538007465,2021-10-18 14:09:32,2021-10-19 04:36:34,14.450555555555555,80.0
538007465,2021-10-19 20:48:42,2021-10-20 06:00:41,9.199722222222222,80.0
538007481,2021-10-23 11:49:43,2021-10-23 12:09:23,0.3277777777777778,70.0
538007596,2021-10-01 09:28:47,2021-10-01 12:36:38,3.1308333333333334,80.0
538007617,2021-10-10 16:48:15,2021-10-12 21:39:32,52.85472222222222,73.0
538007617,2021-10-16 20:21:30,2021-10-16 21:34:50,1.2222222222222223,73.0
538007622,2021-10-09 11:33:56,2021-10-09 11:53:20,0.3233333333333333,79.0
538007628,2021-10-18 15:18:29,2021-10-20 22:08:46,54.838055555555556,70.0
538007680,2021-10-12 22:23:12,2021-10-25 13:02:11,302.64972222222224,79.0
538007680,2021-11-03 11:27:24,2021-11-03 11:45:24,0.3,79.0
538007681,2021-10-08 12:12:13,2021-10-19 13:05:53,264.89444444444445,71.0
538007681,2021-10-27 11:31:41,2021-10-27 11:52:00,0.3386111111111111,71.0
538007692,2021-10-07 14:31:46,2021-10-07 16:00:06,1.4722222222222223,70.0
538007692,2021-10-07 20:46:55,2021-10-07 20:48:25,0.025,70.0
538007692,2021-10-18 20:49:27,2021-10-18 20:53:58,0.07527777777777778,70.0
538007692,2021-10-18 21:14:59,2021-10-18 21:38:58,0.3997222222222222,70.0
538007692,2021-10-20 20:44:09,2021-10-20 21:01:07,0.2827777777777778,70.0
538007726,2021-11-01 15:58:32,2021-11-01 17:25:31,1.4497222222222221,70.0
538007726,2021-11-10 19:58:25,2021-11-10 20:06:46,0.13916666666666666,70.0
538007726,2021-11-10 20:24:43,2021-11-13 12:00:26,63.59527777777778,70.0
538007726,2021-11-13 13:30:25,2021-11-13 13:33:28,0.050833333333333335,70.0
538007726,2021-11-13 15:58:54,2021-11-13 16:00:24,0.025,70.0
538007842,2021-10-18 17:36:51,2021-10-18 19:01:13,1.406111111111111,70.0
538007842,2021-10-18 19:16:12,2021-10-19 05:49:36,10.556666666666667,70.0
538007938,2021-10-27 01:36:25,2021-10-27 03:05:55,1.4916666666666667,70.0
538007938,2021-10-28 11:20:48,2021-10-31 15:14:13,75.89027777777778,70.0
538008020,2021-10-10 16:01:10,2021-10-10 17:04:42,1.058888888888889,70.0
538008020,2021-10-10 22:06:21,2021-10-10 22:07:02,0.01138888888888889,70.0
538008020,2021-10-10 22:12:10,2021-10-10 22:16:00,0.06388888888888888,70.0
538008020,2021-10-10 22:19:41,2021-10-10 22:22:00,0.03861111111111111,70.0
538008020,2021-10-10 22:31:01,2021-10-10 22:31:01,0.0,70.0
538008132,2021-11-01 16:31:55,2021-11-09 14:00:08,189.47027777777777,74.0
538008132,2021-11-09 17:06:59,2021-11-09 17:07:06,0.0019444444444444444,74.0
538008132,2021-11-09 19:30:29,2021-11-09 19:31:05,0.01,74.0
538008132,2021-11-09 19:36:19,2021-11-09 19:37:06,0.013055555555555556,74.0
538008133,2021-10-26 08:59:54,2021-10-26 10:08:14,1.1388888888888888,71.0
538008235,2021-10-16 18:41:42,2021-10-16 20:07:13,1.4252777777777779,80.0
538008542,2021-10-29 11:16:51,2021-10-29 12:20:32,1.061388888888889,70.0
538008542,2021-11-01 02:01:07,2021-11-01 12:05:46,10.0775,70.0
538008542,2021-11-02 02:32:18,2021-11-02 02:51:07,0.3136111111111111,70.0
538008647,2021-10-29 01:00:09,2021-10-29 01:39:29,0.6555555555555556,70.0
538008647,2021-10-29 06:33:07,2021-10-29 06:34:17,0.019444444444444445,70.0
538008647,2021-10-29 06:40:27,2021-10-29 06:43:19,0.04777777777777778,70.0
538009073,2021-10-06 09:53:50,2021-10-06 11:35:19,1.6913888888888888,70.0
538009121,2021-10-03 22:15:23,2021-10-03 23:32:53,1.2916666666666667,70.0
538009258,2021-11-07 05:54:27,2021-11-07 07:07:06,1.2108333333333334,70.0
538009348,2021-10-18 22:40:18,2021-10-18 23:53:07,1.2136111111111112,70.0
548263500,2021-10-27 11:35:15,2021-10-27 13:01:14,1.4330555555555555,70.0
563020300,2021-10-18 23:48:42,2021-10-19 01:32:32,1.7305555555555556,80.0
563022200,2021-10-03 20:23:47,2021-10-03 22:01:17,1.625,80.0
563025600,2021-10-12 17:33:17,2021-10-13 10:59:59,17.445,71.0
563025600,2021-10-13 11:15:49,2021-10-13 11:36:00,0.3363888888888889,71.0
563025600,2021-10-17 23:40:33,2021-10-18 00:02:23,0.3638888888888889,71.0
563046600,2021-10-21 15:29:45,2021-10-21 17:07:54,1.6358333333333333,80.0
563046600,2021-10-28 18:56:00,2021-10-28 20:28:01,1.533611111111111,80.0
563046600,2021-11-04 21:29:47,2021-11-04 23:38:58,2.1530555555555555,80.0
563062700,2021-10-19 03:54:57,2021-10-26 16:15:50,180.34805555555556,79.0
563062700,2021-10-26 16:29:40,2021-10-27 11:55:21,19.428055555555556,79.0
563072100,2021-10-27 23:12:25,2021-10-28 00:19:54,1.1247222222222222,85.0
563072100,2021-10-31 02:00:04,2021-10-31 03:00:14,1.0027777777777778,85.0
563072100,2021-10-31 06:29:14,2021-10-31 06:29:43,0.008055555555555555,85.0
563072100,2021-10-31 07:04:04,2021-10-31 07:05:41,0.026944444444444444,85.0
563072100,2021-10-31 07:06:35,2021-10-31 07:08:38,0.034166666666666665,85.0
563073800,2021-11-02 15:28:22,2021-11-02 17:07:02,1.6444444444444444,70.0
563073800,2021-11-13 04:01:14,2021-11-13 05:16:54,1.261111111111111,70.0
563075900,2021-10-02 18:00:09,2021-10-02 19:10:20,1.1697222222222223,80.0
563075900,2021-10-02 23:39:41,2021-10-02 23:41:19,0.02722222222222222,80.0
563075900,2021-10-02 23:55:11,2021-10-02 23:56:20,0.019166666666666665,80.0
563079000,2021-10-05 10:11:30,2021-10-05 10:22:51,0.18916666666666668,70.0
563079000,2021-10-05 10:29:20,2021-10-05 11:50:49,1.3580555555555556,70.0
563079000,2021-10-05 16:35:01,2021-10-05 16:35:21,0.005555555555555556,70.0
563079000,2021-10-06 21:13:17,2021-10-06 21:41:07,0.4638888888888889,70.0
563079000,2021-10-06 21:58:26,2021-10-06 22:16:47,0.30583333333333335,70.0
563080700,2021-10-26 06:26:18,2021-10-26 07:33:57,1.1275,84.0
563084800,2021-10-29 11:46:10,2021-10-29 13:09:01,1.3808333333333334,71.0
563084800,2021-10-29 14:03:31,2021-11-07 13:42:47,215.65444444444444,71.0
563093600,2021-10-05 13:10:30,2021-10-05 15:13:49,2.055277777777778,89.0
563093600,2021-10-05 20:17:49,2021-10-05 20:18:31,0.011666666666666667,89.0
563093600,2021-10-06 06:56:48,2021-10-06 06:58:53,0.034722222222222224,89.0
563103500,2021-10-30 02:46:41,2021-10-30 04:13:00,1.438611111111111,80.0
563106400,2021-10-25 13:24:15,2021-10-25 14:46:25,1.3694444444444445,70.0
563118100,2021-10-01 00:00:06,2021-10-10 12:05:57,228.0975,70.0
563118100,2021-10-10 12:27:58,2021-10-10 12:29:05,0.01861111111111111,70.0
563118100,2021-10-10 14:18:58,2021-10-10 14:21:19,0.03916666666666667,70.0
563118100,2021-10-10 23:58:58,2021-10-11 00:00:19,0.0225,70.0
563118100,2021-10-21 00:30:39,2021-10-21 00:47:03,0.2733333333333333,70.0
563119000,2021-10-29 15:22:28,2021-11-03 11:35:09,116.21138888888889,70.0
563119000,2021-11-03 11:52:19,2021-11-03 12:13:18,0.3497222222222222,70.0
563119000,2021-11-06 22:02:18,2021-11-06 22:19:56,0.29388888888888887,70.0
563121200,2021-10-07 15:36:57,2021-10-07 17:30:27,1.8916666666666666,70.0
563121200,2021-10-22 20:29:05,2021-11-09 20:07:50,431.6458333333333,70.0
563121200,2021-11-09 21:48:11,2021-11-09 21:48:33,0.006111111111111111,70.0
563121200,2021-11-11 19:18:04,2021-11-11 19:35:47,0.29527777777777775,70.0
563121900,2021-11-05 19:54:32,2021-11-13 22:33:34,194.65055555555554,70.0
563130400,2021-10-17 20:54:25,2021-10-17 22:16:25,1.3666666666666667,70.0
563131600,2021-10-04 01:15:51,2021-10-07 11:03:36,81.79583333333333,79.0
563131600,2021-10-07 11:42:45,2021-10-09 02:43:48,39.0175,79.0
563313000,2021-10-07 11:28:49,2021-10-07 11:47:18,0.3080555555555556,70.0
563433000,2021-10-12 15:11:46,2021-10-19 21:15:22,174.06,70.0
563433000,2021-11-10 10:03:37,2021-11-10 11:13:07,1.1583333333333334,70.0
563579000,2021-10-20 23:30:46,2021-10-24 19:07:42,91.61555555555556,70.0
563982000,2021-10-19 11:14:59,2021-10-19 12:42:09,1.4527777777777777,70.0
564958000,2021-10-21 11:33:38,2021-10-21 13:14:54,1.6877777777777778,80.0
564958000,2021-10-21 18:41:57,2021-10-22 05:59:56,11.299722222222222,80.0
564958000,2021-10-22 09:17:57,2021-10-22 12:38:56,3.3497222222222223,80.0
564958000,2021-10-22 13:23:56,2021-10-22 13:35:55,0.19972222222222222,80.0
564958000,2021-10-22 13:41:57,2021-10-22 17:59:56,4.299722222222222,80.0
564958000,2021-10-22 19:14:56,2021-10-23 14:56:58,19.700555555555557,80.0
564958000,2021-10-23 15:43:36,2021-10-23 15:58:18,0.245,80.0
564958000,2021-10-25 10:36:01,2021-10-25 10:54:09,0.3022222222222222,80.0
565032000,2021-11-14 02:49:42,2021-11-14 05:04:15,2.2425,70.0
565032000,2021-11-14 09:05:03,2021-11-14 09:07:16,0.036944444444444446,70.0
565155000,2021-10-01 00:00:46,2021-10-14 12:39:43,324.64916666666664,70.0
565155000,2021-10-15 20:24:16,2021-10-15 20:42:57,0.3113888888888889,70.0
565425000,2021-10-01 00:01:25,2021-10-01 21:59:22,21.965833333333332,70.0
565536000,2021-10-26 15:44:52,2021-10-28 15:06:43,47.36416666666667,70.0
565536000,2021-10-28 16:53:13,2021-10-28 19:26:13,2.55,70.0
565536000,2021-10-28 20:08:13,2021-10-29 07:10:45,11.042222222222222,70.0
565558000,2021-10-16 16:35:29,2021-10-22 21:27:56,148.87416666666667,70.0
565558000,2021-10-22 21:43:46,2021-10-22 22:04:45,0.3497222222222222,70.0
565558000,2021-10-27 10:31:23,2021-10-27 10:50:13,0.3138888888888889,70.0
565567000,2021-10-10 11:51:47,2021-10-27 19:03:36,415.19694444444445,70.0
565567000,2021-10-27 19:23:25,2021-10-29 15:19:17,43.931111111111115,70.0
565567000,2021-10-29 15:36:48,2021-11-09 13:04:47,261.4663888888889,70.0
565568000,2021-11-03 11:29:34,2021-11-03 12:39:03,1.1580555555555556,80.0
565747000,2021-10-01 00:01:53,2021-10-04 08:00:05,79.97,70.0
565747000,2021-10-04 13:32:46,2021-10-04 13:34:47,0.03361111111111111,70.0
565963000,2021-11-04 11:23:45,2021-11-04 14:01:47,2.633888888888889,70.0
565963000,2021-11-04 18:18:55,2021-11-04 18:19:49,0.015,70.0
565963000,2021-11-04 18:55:26,2021-11-04 18:55:51,0.006944444444444444,70.0
565963000,2021-11-04 19:07:35,2021-11-04 19:07:49,0.0038888888888888888,70.0
565963000,2021-11-06 02:42:32,2021-11-06 02:59:53,0.2891666666666667,70.0
566555000,2021-11-08 12:59:05,2021-11-08 14:08:03,1.1494444444444445,80.0
566555000,2021-11-08 15:45:22,2021-11-08 15:48:18,0.04888888888888889,80.0
566555000,2021-11-09 06:02:12,2021-11-09 06:50:22,0.8027777777777778,80.0
566555000,2021-11-13 12:08:23,2021-11-13 13:41:01,1.5438888888888889,80.0
566730000,2021-10-16 13:05:45,2021-10-29 12:14:10,311.1402777777778,70.0
566794000,2021-11-11 11:58:17,2021-11-11 13:08:08,1.1641666666666666,70.0
566828000,2021-10-01 00:00:44,2021-10-02 12:55:39,36.915277777777774,70.0
566886000,2021-10-22 12:33:40,2021-11-07 18:06:55,389.5541666666667,70.0
566942000,2021-10-19 23:40:33,2021-10-22 15:05:54,63.4225,70.0
566942000,2021-10-22 15:25:14,2021-10-23 04:32:46,13.125555555555556,70.0
566942000,2021-10-23 04:52:46,2021-11-09 11:02:26,414.1611111111111,70.0
566942000,2021-11-09 15:16:20,2021-11-09 15:16:25,0.001388888888888889,70.0
636013530,2021-10-01 00:00:23,2021-10-04 11:02:14,83.03083333333333,70.0
636013530,2021-10-04 11:16:14,2021-10-04 11:38:44,0.375,70.0
636013530,2021-10-07 03:00:09,2021-10-07 03:08:19,0.1361111111111111,70.0
636013615,2021-10-05 12:39:29,2021-10-05 14:06:58,1.4580555555555557,80.0
636013693,2021-10-16 02:16:11,2021-10-29 14:14:29,323.9716666666667,70.0
636014059,2021-11-03 01:41:34,2021-11-03 03:01:15,1.3280555555555555,70.0
636014128,2021-10-01 00:01:41,2021-10-01 08:19:34,8.298055555555555,80.0
636014128,2021-10-01 09:09:26,2021-10-01 09:27:35,0.3025,80.0
636014128,2021-10-03 15:52:17,2021-10-03 16:10:35,0.305,80.0
636014128,2021-10-12 15:33:05,2021-10-14 14:57:32,47.4075,80.0
636014128,2021-10-14 15:21:02,2021-10-21 05:41:10,158.33555555555554,80.0
636014128,2021-10-21 06:21:21,2021-10-21 06:40:10,0.3136111111111111,80.0
636014128,2021-10-23 13:57:06,2021-10-23 14:15:36,0.30833333333333335,80.0
636014168,2021-10-12 20:37:04,2021-10-12 22:16:03,1.6497222222222223,70.0
636014168,2021-10-14 15:02:15,2021-10-14 20:05:06,5.0475,70.0
636014168,2021-10-14 20:05:15,2021-10-20 02:30:25,126.41944444444445,70.0
636014168,2021-10-24 20:16:45,2021-10-24 21:11:25,0.9111111111111111,70.0
636014168,2021-10-30 11:39:54,2021-10-30 11:58:15,0.30583333333333335,70.0
636014168,2021-10-30 13:00:04,2021-10-30 18:11:10,5.185,70.0
636014168,2021-10-31 11:00:04,2021-10-31 12:04:37,1.0758333333333334,70.0
636014168,2021-11-01 10:45:54,2021-11-01 11:02:25,0.2752777777777778,70.0
636014169,2021-10-09 12:55:48,2021-10-09 13:15:08,0.32222222222222224,70.0
636014169,2021-10-09 14:30:43,2021-10-09 16:33:43,2.05,70.0
636014169,2021-10-09 18:30:43,2021-10-10 05:21:43,10.85,70.0
636014169,2021-10-10 19:15:43,2021-10-11 05:33:43,10.3,70.0
636014169,2021-10-11 11:24:43,2021-10-11 14:51:43,3.45,70.0
636014169,2021-10-11 18:27:43,2021-10-11 18:54:43,0.45,70.0
636014169,2021-10-11 19:51:43,2021-10-12 11:21:42,15.499722222222223,70.0
636014430,2021-10-01 00:00:02,2021-10-04 03:07:19,75.12138888888889,80.0
636014430,2021-10-04 07:28:37,2021-10-04 07:30:01,0.023333333333333334,80.0
636014430,2021-10-04 07:32:37,2021-10-04 07:33:02,0.006944444444444444,80.0
636014430,2021-10-04 07:38:07,2021-10-04 07:39:02,0.015277777777777777,80.0
636014430,2021-10-04 07:51:37,2021-10-04 07:54:01,0.04,80.0
636014430,2021-10-04 07:59:18,2021-10-04 08:00:02,0.012222222222222223,80.0
636014430,2021-10-04 08:31:38,2021-10-04 08:33:01,0.023055555555555555,80.0
636014430,2021-10-04 09:13:37,2021-10-04 09:15:01,0.023333333333333334,80.0
636014430,2021-10-04 09:21:17,2021-10-04 09:24:01,0.04555555555555556,80.0
636014430,2021-10-05 14:23:15,2021-10-05 14:40:06,0.2808333333333333,80.0
636014430,2021-10-22 23:28:12,2021-10-23 01:22:42,1.9083333333333334,80.0
636014430,2021-10-23 23:54:11,2021-10-23 23:54:44,0.009166666666666667,80.0
636014430,2021-10-25 03:21:21,2021-10-25 03:35:32,0.2363888888888889,80.0
636014430,2021-10-26 14:34:07,2021-10-26 14:52:17,0.30277777777777776,80.0
636014690,2021-10-05 20:18:20,2021-10-05 21:27:59,1.1608333333333334,73.0
636015142,2021-10-23 12:26:00,2021-10-23 14:09:19,1.7219444444444445,80.0
636015142,2021-10-23 14:28:59,2021-10-24 21:38:20,31.155833333333334,80.0
636015142,2021-10-27 00:40:02,2021-10-27 00:56:03,0.26694444444444443,80.0
636015496,2021-10-16 18:59:59,2021-10-22 12:17:05,137.285,70.0
636015557,2021-11-02 06:28:11,2021-11-02 07:35:31,1.1222222222222222,70.0
636015557,2021-11-02 07:49:31,2021-11-02 08:07:50,0.30527777777777776,70.0
636015557,2021-11-02 22:25:17,2021-11-02 22:42:27,0.2861111111111111,70.0
636015629,2021-11-13 18:58:28,2021-11-13 21:13:17,2.2469444444444444,70.0
636015629,2021-11-13 22:12:47,2021-11-14 03:23:15,5.174444444444444,70.0
636015629,2021-11-14 05:20:14,2021-11-14 09:06:14,3.7666666666666666,70.0
636015629,2021-11-14 09:08:13,2021-11-14 12:05:14,2.950277777777778,70.0
636015806,2021-11-04 22:03:36,2021-11-04 23:11:28,1.1311111111111112,70.0
636015806,2021-11-14 11:54:57,2021-11-14 13:00:07,1.086111111111111,70.0
636015806,2021-11-14 17:43:58,2021-11-14 17:45:00,0.017222222222222222,70.0
636015806,2021-11-14 17:48:38,2021-11-14 17:54:00,0.08944444444444444,70.0
636015950,2021-10-12 10:19:49,2021-10-12 11:32:29,1.211111111111111,79.0
636015950,2021-10-12 11:50:50,2021-10-12 12:10:38,0.33,79.0
636015950,2021-10-13 11:05:45,2021-10-13 11:24:34,0.3136111111111111,79.0
636015950,2021-10-18 20:22:04,2021-10-18 21:31:54,1.163888888888889,79.0
636015950,2021-10-18 21:48:16,2021-10-18 22:09:26,0.3527777777777778,79.0
636015950,2021-10-21 13:07:08,2021-10-21 13:27:08,0.3333333333333333,79.0
636016093,2021-10-07 03:02:19,2021-10-07 04:18:49,1.275,80.0
636016179,2021-10-01 00:02:30,2021-10-07 12:04:47,156.03805555555556,70.0
636016179,2021-10-07 12:09:28,2021-10-07 13:05:58,0.9416666666666667,70.0
636016179,2021-10-10 17:02:29,2021-10-10 17:20:19,0.2972222222222222,70.0
636016203,2021-10-12 11:48:53,2021-10-12 13:04:36,1.2619444444444445,70.0
636016203,2021-10-18 11:40:50,2021-10-18 12:01:04,0.3372222222222222,70.0
636016503,2021-10-23 10:38:19,2021-10-23 12:00:00,1.361388888888889,71.0
636016649,2021-11-05 11:54:21,2021-11-05 12:00:01,0.09444444444444444,70.0
636016649,2021-11-05 12:00:20,2021-11-05 12:01:10,0.013888888888888888,70.0
636016649,2021-11-05 12:05:51,2021-11-05 12:06:42,0.014166666666666666,70.0
636016649,2021-11-05 15:30:01,2021-11-05 15:31:09,0.01888888888888889,70.0
636016649,2021-11-05 16:32:30,2021-11-05 16:34:16,0.029444444444444443,70.0
636016649,2021-11-05 16:51:21,2021-11-05 16:52:14,0.014722222222222222,70.0
636016649,2021-11-05 16:55:50,2021-11-05 17:01:16,0.09055555555555556,70.0
636016658,2021-10-21 12:56:57,2021-10-21 14:24:46,1.4636111111111112,80.0
636016658,2021-10-21 19:58:26,2021-10-21 19:58:36,0.002777777777777778,80.0
636017164,2021-10-17 11:15:10,2021-10-17 12:34:40,1.325,70.0
636017730,2021-10-15 05:05:52,2021-10-15 06:31:52,1.4333333333333333,70.0
636017857,2021-10-31 23:57:07,2021-11-01 01:03:27,1.1055555555555556,80.0
636017857,2021-11-01 01:27:07,2021-11-02 12:47:10,35.33416666666667,80.0
636017857,2021-11-05 17:32:22,2021-11-05 22:00:10,4.463333333333333,80.0
636018107,2021-10-22 10:07:41,2021-10-22 11:36:38,1.4825,80.0
636018107,2021-10-22 11:58:09,2021-10-22 12:13:00,0.2475,80.0
636018107,2021-10-24 02:58:47,2021-10-24 03:13:08,0.23916666666666667,80.0
636018107,2021-11-09 13:00:03,2021-11-09 14:00:02,0.9997222222222222,80.0
636018107,2021-11-09 15:44:42,2021-11-09 15:46:10,0.024444444444444446,80.0
636018107,2021-11-10 22:55:51,2021-11-10 23:11:32,0.2613888888888889,80.0
636018107,2021-11-12 06:17:15,2021-11-12 07:00:56,0.7280555555555556,80.0
636018107,2021-11-12 09:08:06,2021-11-12 09:09:56,0.030555555555555555,80.0
636018223,2021-10-30 14:02:17,2021-10-30 15:00:06,0.9636111111111111,70.0
636018223,2021-11-11 01:00:02,2021-11-11 23:40:37,22.676388888888887,70.0
636018223,2021-11-14 05:16:44,2021-11-14 07:48:36,2.531111111111111,70.0
636018225,2021-11-10 21:40:35,2021-11-10 23:28:04,1.791388888888889,70.0
636018225,2021-11-10 23:43:06,2021-11-11 01:02:04,1.316111111111111,70.0
636018225,2021-11-11 04:58:04,2021-11-11 04:59:04,0.016666666666666666,70.0
636018226,2021-11-07 18:57:15,2021-11-07 19:47:45,0.8416666666666667,70.0
636018271,2021-10-06 01:00:06,2021-10-06 05:52:06,4.866666666666666,70.0
636018271,2021-10-11 18:24:27,2021-10-11 19:38:36,1.2358333333333333,70.0
636018276,2021-10-03 18:40:45,2021-10-03 20:16:04,1.5886111111111112,74.0
636018471,2021-10-01 00:00:20,2021-10-01 03:54:19,3.899722222222222,79.0
636018471,2021-10-01 20:54:20,2021-10-02 17:57:00,21.044444444444444,79.0
636018471,2021-11-10 11:54:38,2021-11-10 13:50:48,1.9361111111111111,79.0
636018541,2021-10-30 17:41:24,2021-11-11 13:15:01,283.5602777777778,70.0
636018541,2021-11-11 15:55:44,2021-11-11 15:55:51,0.0019444444444444444,70.0
636018611,2021-10-27 12:09:13,2021-10-27 13:31:05,1.3644444444444443,80.0
636018611,2021-10-27 13:47:44,2021-10-27 14:08:04,0.3388888888888889,80.0
636018611,2021-10-28 08:12:21,2021-10-28 08:31:40,0.3219444444444444,80.0
636018807,2021-11-04 23:44:51,2021-11-06 05:10:11,29.42222222222222,72.0
636018862,2021-10-08 12:29:16,2021-10-08 14:01:16,1.5333333333333334,80.0
636018862,2021-10-08 14:46:08,2021-10-09 00:22:08,9.6,80.0
636018924,2021-10-09 09:20:48,2021-10-09 10:55:48,1.5833333333333333,80.0
636018924,2021-10-10 17:20:53,2021-10-10 17:38:53,0.3,80.0
636018924,2021-10-11 01:34:43,2021-10-11 01:54:22,0.3275,80.0
636018924,2021-10-11 18:34:42,2021-10-11 18:54:28,0.32944444444444443,80.0
636019086,2021-10-01 23:34:16,2021-10-11 11:09:31,227.5875,72.0
636019086,2021-10-15 11:00:06,2021-10-15 15:54:06,4.9,72.0
636019206,2021-10-18 15:37:13,2021-10-28 12:03:41,236.4411111111111,70.0
636019215,2021-11-02 09:21:08,2021-11-02 10:05:58,0.7472222222222222,71.0
636019434,2021-10-27 22:32:27,2021-10-30 13:12:19,62.66444444444444,70.0
636019445,2021-10-26 16:42:46,2021-10-26 18:03:36,1.3472222222222223,70.0
636019982,2021-11-13 10:11:21,2021-11-13 11:19:06,1.1291666666666667,70.0
636019982,2021-11-14 05:00:05,2021-11-14 08:33:07,3.5505555555555555,70.0
636019984,2021-10-15 13:45:10,2021-10-15 14:07:20,0.36944444444444446,70.0
636020196,2021-11-13 11:42:50,2021-11-13 12:58:50,1.2666666666666666,70.0
636020257,2021-10-29 00:03:31,2021-11-05 23:08:48,191.08805555555554,71.0
636020258,2021-10-14 16:08:18,2021-10-27 13:26:53,309.3097222222222,71.0
636020476,2021-10-24 23:37:08,2021-10-25 01:12:48,1.5944444444444446,71.0
636020476,2021-10-25 06:15:03,2021-10-25 09:36:03,3.35,71.0
636020476,2021-10-25 21:48:03,2021-10-25 22:06:03,0.3,71.0
636020476,2021-10-26 11:30:03,2021-10-26 13:21:03,1.85,71.0
636020476,2021-10-26 14:48:03,2021-10-26 18:09:03,3.35,71.0
636020476,2021-10-26 18:12:02,2021-10-26 18:21:03,0.1502777777777778,71.0
636020476,2021-10-27 05:39:03,2021-10-27 08:03:03,2.4,71.0
636020476,2021-10-27 14:12:03,2021-10-27 16:00:03,1.8,71.0
636020476,2021-10-27 21:53:03,2021-10-27 21:54:03,0.016666666666666666,71.0
636020476,2021-10-28 06:24:03,2021-10-28 10:24:03,4.0,71.0
636020476,2021-10-28 14:00:03,2021-10-28 16:00:03,2.0,71.0
636020476,2021-10-28 17:09:03,2021-10-28 18:48:03,1.65,71.0
636020476,2021-10-29 01:12:03,2021-10-29 01:33:03,0.35,71.0
636020476,2021-10-29 01:36:03,2021-10-29 02:21:03,0.75,71.0
636020476,2021-10-31 21:31:37,2021-10-31 21:37:48,0.10305555555555555,71.0
636020476,2021-10-31 21:54:47,2021-10-31 22:16:26,0.36083333333333334,71.0
636020684,2021-11-04 12:01:16,2021-11-04 19:41:15,7.666388888888889,70.0
636020684,2021-11-04 19:41:24,2021-11-12 14:00:04,186.3111111111111,70.0
636020912,2021-10-01 18:00:05,2021-10-01 19:07:05,1.1166666666666667,89.0
636020912,2021-10-01 19:23:25,2021-10-03 16:31:41,45.13777777777778,89.0
636020928,2021-11-13 21:42:42,2021-11-13 22:38:53,0.9363888888888889,79.0
636020985,2021-11-09 16:14:26,2021-11-11 17:01:07,48.778055555555554,72.0
636020985,2021-11-11 17:25:16,2021-11-13 12:00:25,42.58583333333333,72.0
636020985,2021-11-13 16:27:44,2021-11-13 16:27:45,0.0002777777777777778,72.0
636021005,2021-10-07 04:00:05,2021-10-07 05:20:05,1.3333333333333333,70.0
636021005,2021-10-07 06:33:55,2021-10-07 06:33:55,0.0,70.0
636021005,2021-10-07 06:38:05,2021-10-07 06:38:14,0.0025,70.0
636091232,2021-10-01 00:02:25,2021-10-06 00:50:12,120.79638888888888,70.0
636091232,2021-10-06 01:10:12,2021-10-06 06:56:31,5.771944444444444,70.0
636091232,2021-10-12 17:25:52,2021-10-12 19:12:42,1.7805555555555554,70.0
636091232,2021-10-12 19:31:11,2021-10-18 18:20:11,142.81666666666666,70.0
636091232,2021-10-25 08:37:54,2021-10-25 10:01:17,1.3897222222222223,70.0
636091232,2021-10-31 15:38:51,2021-10-31 15:44:45,0.09833333333333333,70.0
636091232,2021-10-31 15:45:41,2021-10-31 15:48:34,0.04805555555555555,70.0
636091385,2021-10-01 00:01:16,2021-10-11 21:11:53,261.1769444444444,70.0
636091385,2021-10-11 21:27:34,2021-10-14 12:39:47,63.20361111111111,70.0
636092311,2021-10-11 04:20:08,2021-10-11 05:36:57,1.2802777777777778,70.0
636092823,2021-11-11 04:00:04,2021-11-11 05:00:04,1.0,74.0
636092823,2021-11-11 08:54:53,2021-11-11 08:57:19,0.04055555555555555,74.0
636092823,2021-11-11 09:39:15,2021-11-11 09:39:18,0.0008333333333333334,74.0
636092872,2021-10-14 18:28:44,2021-10-14 19:51:33,1.3802777777777777,71.0
636092889,2021-11-01 22:59:31,2021-11-02 00:21:26,1.3652777777777778,70.0
